ticker,year,month,mu,sigma,beta_sentiment,MAE,RMSE,MAPE,sMAPE,Mean_Error,MASE,Directional_Accuracy
WMT,2022,1,0.047908520836594054,0.20679911741648133,-0.1653588232054067,2.2231655798387484,2.773070751924471,5.0565380807297355,4.863121981049356,2.2231655798387484,,0.05
WMT,2022,2,0.047908520836594054,0.20679911741648133,-0.1653588232054067,2.3490454208983573,2.7146438158609927,5.490886026146861,5.296223364455958,2.3490454208983573,,0.05263157894736842
WMT,2022,3,0.047908520836594054,0.20679911741648133,-0.1653588232054067,1.0096348557198904,1.197084844188692,2.2041273744028507,2.2384740226522273,-0.9999626753659767,,0.043478260869565216
WMT,2022,4,0.047908520836594054,0.20679911741648133,-0.1653588232054067,0.8374092059436613,1.0396815813058682,1.68579889811733,1.7065788206574217,-0.7321295071263847,,0.05
WMT,2022,5,0.047908520836594054,0.20679911741648133,-0.1653588232054067,5.417252257134426,7.203448926840731,13.54123971982425,12.06327949105442,5.312234179737358,,0.047619047619047616
WMT,2022,6,0.047908520836594054,0.20679911741648133,-0.1653588232054067,2.094494971772265,2.351092799280719,5.4338130838518985,5.254468403302583,2.0411156902343826,,0.047619047619047616
WMT,2022,7,0.047908520836594054,0.20679911741648133,-0.1653588232054067,0.9781028925645459,1.1958774802583545,2.381402373333949,2.4180221167072182,-0.8435523015249963,,0.05
WMT,2022,8,0.047908520836594054,0.20679911741648133,-0.1653588232054067,1.1619720047963649,1.3637915039101132,2.761263087051701,2.7238868106090885,0.7353291498251234,,0.045454545454545456
WMT,2022,9,0.047908520836594054,0.20679911741648133,-0.1653588232054067,1.6604822196742628,2.0924637704648608,3.9366617483024133,3.8172653415467677,1.5918972470049697,,0.047619047619047616
WMT,2022,10,0.047908520836594054,0.20679911741648133,-0.1653588232054067,0.8664222879262323,1.005208922109136,2.0355392927877674,2.0140550953720253,0.4723742880528497,,0.047619047619047616
WMT,2022,11,0.047908520836594054,0.20679911741648133,-0.1653588232054067,0.9483918332977085,1.1311143822870082,2.007104465254052,2.0214436143053645,-0.448572775627146,,0.047619047619047616
WMT,2022,12,0.047908520836594054,0.20679911741648133,-0.1653588232054067,3.8469916723423685,4.33757568344451,8.331220852769516,7.910319417872228,3.8469916723423685,,0.047619047619047616
WMT,2023,1,0.047908520836594054,0.20679911741648133,-0.1653588232054067,1.8269629291666356,2.322760943334652,4.009359069064165,3.8840958312286102,1.7777164209307266,,0.05
WMT,2023,2,0.047908520836594054,0.20679911741648133,-0.1653588232054067,1.8801999319446139,2.1303114699802386,4.112354315878182,4.0064578248308464,1.8801999319446139,,0.05263157894736842
WMT,2023,3,0.047908520836594054,0.20679911741648133,-0.1653588232054067,0.9312855056903423,1.104144400942805,2.080115706333675,2.049978892267977,0.9214944404406343,,0.043478260869565216
WMT,2023,4,0.047908520836594054,0.20679911741648133,-0.1653588232054067,0.5528839602802085,0.651587078318108,1.1456380701719888,1.1366615242129174,0.5355919863795517,,0.05263157894736842
WMT,2023,5,0.047908520836594054,0.20679911741648133,-0.1653588232054067,1.7392408648050206,2.220220820508536,3.6334866597137334,3.528382494826888,1.7392408648050206,,0.045454545454545456
WMT,2023,6,0.047908520836594054,0.20679911741648133,-0.1653588232054067,0.854493995842166,1.0086229235803406,1.709993041095979,1.7304684387662874,-0.854493995842166,,0.047619047619047616
WMT,2023,7,0.047908520836594054,0.20679911741648133,-0.1653588232054067,2.0540820705592657,2.2173335979867796,4.0657036090089065,3.9715363370814294,2.0540820705592657,,0.05
WMT,2023,8,0.047908520836594054,0.20679911741648133,-0.1653588232054067,0.7284785797657322,0.9532189889066948,1.4231369149884796,1.4061666969900721,0.6615155391631002,,0.043478260869565216
WMT,2023,9,0.047908520836594054,0.20679911741648133,-0.1653588232054067,1.0905942551976462,1.5273090147421025,2.0777511607998638,2.0365825735532583,0.9937559110169797,,0.05
WMT,2023,10,0.047908520836594054,0.20679911741648133,-0.1653588232054067,1.157637646689533,1.2887426992903475,2.2379873124061813,2.2072257372215836,1.157637646689533,,0.045454545454545456
WMT,2023,11,0.047908520836594054,0.20679911741648133,-0.1653588232054067,2.2775043390805343,3.089674451654735,4.4903234371272545,4.311894849612501,2.1969888260358124,,0.047619047619047616
WMT,2023,12,0.047908520836594054,0.20679911741648133,-0.1653588232054067,0.9812250195332854,1.1149693243900871,1.9644519735252584,1.9398041622984024,0.9599363095863869,,0.05
WMT,2024,1,0.047908520836594054,0.20679911741648133,-0.1653588232054067,0.28101939700114204,0.406835534782842,0.5399273114980195,0.5371278317932545,0.21478302061834006,,0.047619047619047616
WMT,2024,2,0.047908520836594054,0.20679911741648133,-0.1653588232054067,0.5252197836551744,0.6619244206968878,0.9380038507543564,0.9347227143111471,0.17239539409228327,,0.05
WMT,2024,3,0.047908520836594054,0.20679911741648133,-0.1653588232054067,0.7737147315084159,0.8753623567212804,1.304290810930352,1.313131974103868,-0.5676513141998406,,0.05
WMT,2024,4,0.047908520836594054,0.20679911741648133,-0.1653588232054067,1.760035646053467,1.9755499552737288,3.0117178603927433,2.955670203715892,1.760035646053467,,0.045454545454545456
WMT,2024,5,0.047908520836594054,0.20679911741648133,-0.1653588232054067,2.579492857906928,3.202623032021379,4.091780489067049,4.223091859758416,-2.579492857906928,,0.045454545454545456
WMT,2024,6,0.047908520836594054,0.20679911741648133,-0.1653588232054067,0.47691862379331135,0.6057537723970925,0.7194613680545341,0.7230133254893518,-0.3311520393554685,,0.05263157894736842
WMT,2024,7,0.047908520836594054,0.20679911741648133,-0.1653588232054067,1.0914193487343153,1.26683382367348,1.5865789517236148,1.6003205700943612,-0.8462643399611335,,0.045454545454545456
WMT,2024,8,0.047908520836594054,0.20679911741648133,-0.1653588232054067,2.6257258956098286,2.77676369239915,3.6991786506231916,3.7083198157502544,-0.4364923070647703,,0.045454545454545456
WMT,2024,9,0.047908520836594054,0.20679911741648133,-0.1653588232054067,0.8089764266449961,0.966029540784354,1.0389826641268685,1.0354567547614868,0.31913337199890607,,0.05
WMT,2024,10,0.047908520836594054,0.20679911741648133,-0.1653588232054067,1.9456735905973912,2.1311140597105394,2.440819132569447,2.405554575289337,1.9456735905973912,,0.043478260869565216
WMT,2024,11,0.047908520836594054,0.20679911741648133,-0.1653588232054067,2.483314124941341,3.494320176732346,2.8245176080117425,2.9038968303865715,-2.483314124941341,,0.05
WMT,2024,12,0.047908520836594054,0.20679911741648133,-0.1653588232054067,1.9078042461638856,2.3699052599274935,2.09003160807321,2.0693594576460828,0.5093465319571818,,0.047619047619047616
WMT,2025,1,0.047908520836594054,0.20679911741648133,-0.1653588232054067,1.763363411550013,2.4658643008771417,1.861808989714241,1.8955111418451391,-1.7021575350591447,,0.05
WMT,2025,2,0.047908520836594054,0.20679911741648133,-0.1653588232054067,3.593824745293236,4.217259272089765,3.6902183825033497,3.6314575563501235,0.8418370117167416,,0.05263157894736842
WMT,2025,3,0.047908520836594054,0.20679911741648133,-0.1653588232054067,10.93938725943956,11.948359327013431,12.814757063281501,11.89985475291961,10.93938725943956,,0.047619047619047616
WMT,2025,4,0.047908520836594054,0.20679911741648133,-0.1653588232054067,2.413737454485557,3.224178486247652,2.742027924551556,2.7049540836601635,-0.03380268828793611,,0.047619047619047616
WMT,2025,5,0.047908520836594054,0.20679911741648133,-0.1653588232054067,1.9814924293081482,2.2470868498745564,2.0590921706467835,2.033961869260891,1.6422429275981376,,0.047619047619047616
WMT,2025,6,0.047908520836594054,0.20679911741648133,-0.1653588232054067,3.098828684139717,3.8222523314299615,3.252205041641694,3.1731277207584405,3.098828684139717,,0.1
WMT,2025,7,0.047908520836594054,0.20679911741648133,-0.1653588232054067,3.0569711615150887,3.335806858738365,3.201996282235718,3.143642344566021,2.8307416738941655,,0.047619047619047616
WMT,2025,8,0.047908520836594054,0.20679911741648133,-0.1653588232054067,3.0395385286029066,3.973188078125763,3.105459097577721,3.051108132165573,1.2651254057393022,,0.047619047619047616
WMT,2025,9,0.047908520836594054,0.20679911741648133,-0.1653588232054067,2.4164562035150694,2.6921086702367703,2.3673448977268543,2.4025573596425116,-2.4164562035150694,,0.047619047619047616
WMT,2025,10,0.047908520836594054,0.20679911741648133,-0.1653588232054067,1.8399282923193727,2.480692582392504,1.7871341712464632,1.7662715716949138,0.9490670498258078,,0.043478260869565216
WMT,2025,11,0.047908520836594054,0.20679911741648133,-0.1653588232054067,1.4993251281835913,2.0446902848897532,1.44433029709223,1.4398059105112193,0.36230140969102,,0.05263157894736842
WMT,2025,12,0.047908520836594054,0.20679911741648133,-0.1653588232054067,0.285850298971404,0.40425336961376357,0.2558211730733638,0.2564772963014289,-0.285850298971404,,0.5
NVDA,2022,1,0.5876851762981584,0.43302729191179434,0.2836008948188013,5.44536694877455,6.261468900731636,22.504686707464653,19.493213585964394,5.44536694877455,,0.05
NVDA,2022,2,0.5876851762981584,0.43302729191179434,0.2836008948188013,1.176853091463768,1.3968362063798214,4.854586113763679,4.750576553508106,0.5113844505217657,,0.05555555555555555
NVDA,2022,3,0.5876851762981584,0.43302729191179434,0.2836008948188013,2.227575810313867,2.788238634452012,8.533364217805008,8.999078967320742,-1.535359782780099,,0.043478260869565216
NVDA,2022,4,0.5876851762981584,0.43302729191179434,0.2836008948188013,5.354365530100774,6.102029624386575,25.982734339713808,22.10963978811577,5.290306744644549,,0.05555555555555555
NVDA,2022,5,0.5876851762981584,0.43302729191179434,0.2836008948188013,2.4128423498593095,2.714174909555983,14.062576202415727,12.899649512167896,2.3457076216017683,,0.047619047619047616
NVDA,2022,6,0.5876851762981584,0.43302729191179434,0.2836008948188013,2.187065374011697,2.594584109303409,13.537299207571346,12.360586413263237,1.973833674789458,,0.047619047619047616
NVDA,2022,7,0.5876851762981584,0.43302729191179434,0.2836008948188013,1.3937950734707376,1.7012865238457884,8.159517844557598,8.667198652426663,-1.3937950734707376,,0.05555555555555555
NVDA,2022,8,0.5876851762981584,0.43302729191179434,0.2836008948188013,1.3582628879328298,1.8935129943371192,8.227163359982406,7.599315798359742,1.202244793712562,,0.045454545454545456
NVDA,2022,9,0.5876851762981584,0.43302729191179434,0.2836008948188013,1.1904996032714419,1.4368156464897073,9.371770589409065,8.76730317740529,1.1235060818910139,,0.047619047619047616
NVDA,2022,10,0.5876851762981584,0.43302729191179434,0.2836008948188013,0.6227498044145244,0.7138494984759928,5.124510077759034,5.005631918503884,0.29128916371752434,,0.047619047619047616
NVDA,2022,11,0.5876851762981584,0.43302729191179434,0.2836008948188013,1.508529270644009,1.7670535238086014,9.494761675726046,10.136527525199504,-1.4592062069011997,,0.05
NVDA,2022,12,0.5876851762981584,0.43302729191179434,0.2836008948188013,1.4712633333725003,2.007856828184588,9.707111538597777,8.87508227549556,1.3914234361288154,,0.05
NVDA,2023,1,0.5876851762981584,0.43302729191179434,0.2836008948188013,2.5851116181388747,3.0846399291290836,14.060571049013621,15.548869136611845,-2.573754311318995,,0.05
NVDA,2023,2,0.5876851762981584,0.43302729191179434,0.2836008948188013,0.8018729825871562,0.9641459567284427,3.5733454571673415,3.6361384687417493,-0.5124857182521358,,0.05263157894736842
NVDA,2023,3,0.5876851762981584,0.43302729191179434,0.2836008948188013,1.5863501727052987,1.929318095196681,6.092453759175935,6.370645167781275,-1.5466921296694631,,0.045454545454545456
NVDA,2023,4,0.5876851762981584,0.43302729191179434,0.2836008948188013,1.5899652451463815,1.7373292433560905,5.896072553228182,5.694921871688061,1.5899652451463815,,0.05263157894736842
NVDA,2023,5,0.5876851762981584,0.43302729191179434,0.2836008948188013,2.0778273519730646,3.494395186960484,5.909345285970468,6.313117426062267,-1.1382612189769181,,0.045454545454545456
NVDA,2023,6,0.5876851762981584,0.43302729191179434,0.2836008948188013,1.207486065227111,1.409887347519317,2.9622076858075888,2.9534197365482533,0.14078714275134546,,0.047619047619047616
NVDA,2023,7,0.5876851762981584,0.43302729191179434,0.2836008948188013,1.230692946701684,1.6552293505431013,2.679844314899843,2.741764628221801,-1.003306046856603,,0.05
NVDA,2023,8,0.5876851762981584,0.43302729191179434,0.2836008948188013,2.950567055387354,3.462393914997993,6.718454577741509,6.4145185561087645,2.950567055387354,,0.043478260869565216
NVDA,2023,9,0.5876851762981584,0.43302729191179434,0.2836008948188013,5.55360350848299,6.308597590854507,12.883479417346951,11.883400146639715,5.55360350848299,,0.05
NVDA,2023,10,0.5876851762981584,0.43302729191179434,0.2836008948188013,2.668344437394441,3.5312081828272026,6.367712531095276,6.033731693946794,2.313568361390919,,0.045454545454545456
NVDA,2023,11,0.5876851762981584,0.43302729191179434,0.2836008948188013,3.8452886821974577,4.193815194804781,7.9662812425239125,8.357472081636164,-3.8452886821974577,,0.047619047619047616
NVDA,2023,12,0.5876851762981584,0.43302729191179434,0.2836008948188013,0.5965583806714605,0.7907040962003793,1.2473168751437922,1.2470011688791744,-0.06214406924810447,,0.05
NVDA,2024,1,0.5876851762981584,0.43302729191179434,0.2836008948188013,6.565751575068091,7.569708930592795,11.153362636106788,12.020146478231549,-6.46225698400663,,0.047619047619047616
NVDA,2024,2,0.5876851762981584,0.43302729191179434,0.2836008948188013,7.206865014768079,8.03700800409559,9.669108096726278,10.270191813378323,-7.206865014768079,,0.05
NVDA,2024,3,0.5876851762981584,0.43302729191179434,0.2836008948188013,4.267549519614061,4.8713629723926335,4.706162970466749,4.852946945227599,-4.267549519614061,,0.05
NVDA,2024,4,0.5876851762981584,0.43302729191179434,0.2836008948188013,8.346762085049901,9.840671189767093,10.009601644570454,9.34341841960027,8.346762085049901,,0.045454545454545456
NVDA,2024,5,0.5876851762981584,0.43302729191179434,0.2836008948188013,9.488089583373618,11.896297334196898,9.297793231400547,9.971750597305538,-9.488089583373618,,0.045454545454545456
NVDA,2024,6,0.5876851762981584,0.43302729191179434,0.2836008948188013,6.420504752832791,7.864594741825478,5.026851707205917,5.215987063239757,-6.142157728116857,,0.05263157894736842
NVDA,2024,7,0.5876851762981584,0.43302729191179434,0.2836008948188013,8.345745211623878,11.270593768083257,7.231718735283156,6.795940129258036,6.194299876315398,,0.045454545454545456
NVDA,2024,8,0.5876851762981584,0.43302729191179434,0.2836008948188013,8.019395043554892,9.256415446881022,6.730411898026861,6.884743739210822,-3.9966252715511716,,0.045454545454545456
NVDA,2024,9,0.5876851762981584,0.43302729191179434,0.2836008948188013,5.5887171939731175,6.453518395993365,4.749433023516275,4.880197525056755,-4.358717996669069,,0.05
NVDA,2024,10,0.5876851762981584,0.43302729191179434,0.2836008948188013,12.414295139958956,13.51825140720265,9.056226760549588,9.563308325545844,-12.414295139958956,,0.043478260869565216
NVDA,2024,11,0.5876851762981584,0.43302729191179434,0.2836008948188013,5.483339640284461,6.474592985419478,3.804549523122611,3.8672655658493906,-3.0618258048040845,,0.05
NVDA,2024,12,0.5876851762981584,0.43302729191179434,0.2836008948188013,7.550631636843282,8.777779674937605,5.593666466582721,5.399728832727194,6.3035246550921595,,0.047619047619047616
NVDA,2025,1,0.5876851762981584,0.43302729191179434,0.2836008948188013,9.285132398637705,12.75306814679442,7.25124063607914,6.801701009997842,7.012440028403857,,0.05
NVDA,2025,2,0.5876851762981584,0.43302729191179434,0.2836008948188013,11.446236064560082,13.172127193203826,8.545801553913543,9.048762454928422,-11.293851609504578,,0.05263157894736842
NVDA,2025,3,0.5876851762981584,0.43302729191179434,0.2836008948188013,3.730034699915213,5.0141674760713695,3.3163210493169046,3.2444888168339117,1.5031909991507515,,0.047619047619047616
NVDA,2025,4,0.5876851762981584,0.43302729191179434,0.2836008948188013,7.38697287275954,9.162030364577733,7.308406925611875,6.910876870906285,7.120055890118351,,0.047619047619047616
NVDA,2025,5,0.5876851762981584,0.43302729191179434,0.2836008948188013,13.395948722083702,15.647163997008398,10.100624879481972,10.834355312562522,-13.395948722083702,,0.047619047619047616
NVDA,2025,6,0.5876851762981584,0.43302729191179434,0.2836008948188013,4.437582172571075,6.142170176217473,3.0057679716230945,3.089774440117007,-4.437582172571075,,0.09090909090909091
NVDA,2025,7,0.5876851762981584,0.43302729191179434,0.2836008948188013,7.071315837835511,8.21504586430488,4.101625595686903,4.216895475053919,-7.067924732698971,,0.047619047619047616
NVDA,2025,8,0.5876851762981584,0.43302729191179434,0.2836008948188013,4.075098059173133,4.776167724504875,2.257651899292622,2.2870476861087403,-3.1268628805537837,,0.047619047619047616
NVDA,2025,9,0.5876851762981584,0.43302729191179434,0.2836008948188013,2.4204206050679278,3.2552697853236188,1.3769593493545447,1.375855768784088,-0.017210025741537124,,0.047619047619047616
NVDA,2025,10,0.5876851762981584,0.43302729191179434,0.2836008948188013,7.341072541378599,9.355551179273549,3.98838288719645,3.866877939767371,6.27375965567304,,0.043478260869565216
NVDA,2025,11,0.5876851762981584,0.43302729191179434,0.2836008948188013,25.45520889802662,27.913579559698547,13.817789741758112,12.746647087814997,25.45520889802662,,0.05263157894736842
NVDA,2025,12,0.5876851762981584,0.43302729191179434,0.2836008948188013,0.45649921243395397,0.6455873774367343,0.25159778127069904,0.2522323923735569,-0.45649921243395397,,0.5
AMD,2022,1,0.4624863015878958,0.6469748402736519,0.5354932314556758,18.84673557887347,21.51920113357492,15.901720786259038,14.320325703192067,18.84673557887347,,0.05
AMD,2022,2,0.4624863015878958,0.6469748402736519,0.5354932314556758,5.267984398234232,6.585361258082925,4.2977590145323274,4.403186256638578,-3.0818816766515265,,0.05263157894736842
AMD,2022,3,0.4624863015878958,0.6469748402736519,0.5354932314556758,5.342191672288749,6.588628633844586,4.707851425941229,4.757621625914118,-1.5030630292762093,,0.043478260869565216
AMD,2022,4,0.4624863015878958,0.6469748402736519,0.5354932314556758,12.395559372230997,14.243330924809056,13.59186851414459,12.44552593028199,12.15674128661897,,0.05
AMD,2022,5,0.4624863015878958,0.6469748402736519,0.5354932314556758,5.474427198338717,6.762984028937607,5.633771598108073,5.860709408100467,-4.539994275419848,,0.047619047619047616
AMD,2022,6,0.4624863015878958,0.6469748402736519,0.5354932314556758,11.498270270472814,13.365588814346959,13.573670190117411,12.44020543829764,9.300228258667588,,0.047619047619047616
AMD,2022,7,0.4624863015878958,0.6469748402736519,0.5354932314556758,10.04284864350723,12.140438826980898,11.56476622532885,12.591523097305627,-10.04284864350723,,0.05
AMD,2022,8,0.4624863015878958,0.6469748402736519,0.5354932314556758,4.288246856310286,4.987589615976134,4.484605154642448,4.492437719368285,-1.1991242433531175,,0.043478260869565216
AMD,2022,9,0.4624863015878958,0.6469748402736519,0.5354932314556758,7.890833816853359,9.871058232725234,11.31626667115214,10.362518792634793,7.259973873219458,,0.047619047619047616
AMD,2022,10,0.4624863015878958,0.6469748402736519,0.5354932314556758,4.801344811445519,5.385774403819699,8.188226018101838,7.79433183015181,4.206586895562904,,0.047619047619047616
AMD,2022,11,0.4624863015878958,0.6469748402736519,0.5354932314556758,10.745468938460775,12.545490155218866,14.665870174076684,16.2600500934747,-10.670519345350696,,0.047619047619047616
AMD,2022,12,0.4624863015878958,0.6469748402736519,0.5354932314556758,8.753777616795944,9.519942598775291,13.212834130640546,12.239601135027419,8.753777616795944,,0.047619047619047616
AMD,2023,1,0.4624863015878958,0.6469748402736519,0.5354932314556758,7.393471217918086,8.61978318638515,10.176431955306771,10.915483252523039,-7.3045670506305544,,0.05
AMD,2023,2,0.4624863015878958,0.6469748402736519,0.5354932314556758,3.3578075463892127,4.196492700112524,4.210467415662195,4.089241660760192,2.3025341411024307,,0.05263157894736842
AMD,2023,3,0.4624863015878958,0.6469748402736519,0.5354932314556758,10.3928908630416,12.25995182832797,11.025332170655258,11.913770101827806,-10.3928908630416,,0.045454545454545456
AMD,2023,4,0.4624863015878958,0.6469748402736519,0.5354932314556758,5.286277535161206,6.1616148908567805,5.956497244247619,5.720734999922148,5.286277535161206,,0.05263157894736842
AMD,2023,5,0.4624863015878958,0.6469748402736519,0.5354932314556758,13.822959599178875,17.859988973467505,12.520190529216546,13.807461799558817,-12.776067784821713,,0.045454545454545456
AMD,2023,6,0.4624863015878958,0.6469748402736519,0.5354932314556758,5.146550972887636,6.157202984327994,4.439031795431713,4.376211429697383,1.380696298746255,,0.047619047619047616
AMD,2023,7,0.4624863015878958,0.6469748402736519,0.5354932314556758,2.5768879785647814,3.1537342294486614,2.2940712594981894,2.260156434753352,1.8882142029899966,,0.05
AMD,2023,8,0.4624863015878958,0.6469748402736519,0.5354932314556758,6.89936113181683,7.796099768905239,6.482353674200316,6.221083044769002,6.876459940600635,,0.043478260869565216
AMD,2023,9,0.4624863015878958,0.6469748402736519,0.5354932314556758,5.878742532533336,7.028443660048848,5.878849286889788,5.637251148942934,5.74595055627177,,0.05
AMD,2023,10,0.4624863015878958,0.6469748402736519,0.5354932314556758,2.823653049154116,3.501022184265873,2.7888157004530925,2.76703478238822,0.3984377598022038,,0.045454545454545456
AMD,2023,11,0.4624863015878958,0.6469748402736519,0.5354932314556758,10.131444414209374,11.238669430842712,8.457281549780344,8.91645976206334,-10.131444414209374,,0.047619047619047616
AMD,2023,12,0.4624863015878958,0.6469748402736519,0.5354932314556758,15.07739515886513,17.125422792644997,10.793636937277487,11.571886091031665,-14.1582943456066,,0.05
AMD,2024,1,0.4624863015878958,0.6469748402736519,0.5354932314556758,21.08104024172065,25.780214332766043,12.50813643729872,13.748633274090658,-20.51235780892649,,0.047619047619047616
AMD,2024,2,0.4624863015878958,0.6469748402736519,0.5354932314556758,6.883266825119901,9.210066258988485,3.8444967476329097,3.972199815456505,-6.012471936467935,,0.05
AMD,2024,3,0.4624863015878958,0.6469748402736519,0.5354932314556758,12.282593120222232,14.687129073818376,6.650274555907458,6.364663938422662,9.212538816968326,,0.05
AMD,2024,4,0.4624863015878958,0.6469748402736519,0.5354932314556758,17.928765989211474,20.092470661987495,11.390567822685066,10.613529168138124,17.928765989211474,,0.045454545454545456
AMD,2024,5,0.4624863015878958,0.6469748402736519,0.5354932314556758,14.144798343618975,16.10639709613004,8.694503648740321,9.204144875491602,-14.144798343618975,,0.045454545454545456
AMD,2024,6,0.4624863015878958,0.6469748402736519,0.5354932314556758,3.9734144903873263,4.498930787678514,2.4859095344381053,2.452358364440648,2.9679095531712227,,0.05263157894736842
AMD,2024,7,0.4624863015878958,0.6469748402736519,0.5354932314556758,12.770736618794382,15.844738080004648,7.620333549795568,7.924834066957306,-7.398152012013186,,0.045454545454545456
AMD,2024,8,0.4624863015878958,0.6469748402736519,0.5354932314556758,13.28514564471596,16.1075919864305,8.887636124453815,9.489724861650945,-12.74512674265629,,0.045454545454545456
AMD,2024,9,0.4624863015878958,0.6469748402736519,0.5354932314556758,13.605564733860358,16.026557062265223,8.682517423608225,9.222092559254266,-13.303735202428168,,0.05
AMD,2024,10,0.4624863015878958,0.6469748402736519,0.5354932314556758,6.166000873677014,7.204509169300907,3.844855043196905,3.8487102105087336,-0.18572942688420144,,0.043478260869565216
AMD,2024,11,0.4624863015878958,0.6469748402736519,0.5354932314556758,4.214050918202213,4.785293723140775,3.004059020530082,2.976099606992584,1.9263086360619668,,0.05
AMD,2024,12,0.4624863015878958,0.6469748402736519,0.5354932314556758,12.158835790455273,13.905382050240684,9.757185006246706,9.166186394771671,11.873283940317728,,0.047619047619047616
AMD,2025,1,0.4624863015878958,0.6469748402736519,0.5354932314556758,3.400826061371709,4.122857864950764,2.8018696893393553,2.819432915563343,-0.6065223294138626,,0.05
AMD,2025,2,0.4624863015878958,0.6469748402736519,0.5354932314556758,4.591274847544073,6.114238743594321,4.333746504822406,4.177339768818185,3.89786545549397,,0.05263157894736842
AMD,2025,3,0.4624863015878958,0.6469748402736519,0.5354932314556758,6.76591336828119,8.660907828236974,6.31355401328793,6.646520864193101,-6.60135241513266,,0.047619047619047616
AMD,2025,4,0.4624863015878958,0.6469748402736519,0.5354932314556758,10.919978246181318,12.361699834879392,12.327231014369385,11.395251435107918,10.851873047721366,,0.047619047619047616
AMD,2025,5,0.4624863015878958,0.6469748402736519,0.5354932314556758,14.496311143236277,16.374493117751047,12.946239477099212,14.092072860167823,-14.496311143236277,,0.047619047619047616
AMD,2025,6,0.4624863015878958,0.6469748402736519,0.5354932314556758,11.920163305161607,15.586244995383728,8.958179361924913,9.662784198323376,-11.920163305161607,,0.05263157894736842
AMD,2025,7,0.4624863015878958,0.6469748402736519,0.5354932314556758,21.94761405891785,27.174343733369074,13.384823594900189,14.853391561843315,-21.921327869483893,,0.045454545454545456
AMD,2025,8,0.4624863015878958,0.6469748402736519,0.5354932314556758,5.001762856180193,6.716006816105246,2.857012020692831,2.9203444086229347,-3.677367676598209,,0.047619047619047616
AMD,2025,9,0.4624863015878958,0.6469748402736519,0.5354932314556758,2.6744463580357793,3.976297695934912,1.7161156941030473,1.6898105879407797,1.4065695095883073,,0.047619047619047616
AMD,2025,10,0.4624863015878958,0.6469748402736519,0.5354932314556758,68.31344506047914,75.46260216048616,28.537774757646027,34.3800805685175,-68.31344506047914,,0.043478260869565216
AMD,2025,11,0.4624863015878958,0.6469748402736519,0.5354932314556758,22.140063893961855,26.81899641136869,10.067578492919834,9.349463471390225,21.910485376196213,,0.05263157894736842
AMD,2025,12,0.4624863015878958,0.6469748402736519,0.5354932314556758,1.8376301529401502,2.598801484913705,0.8537586443234468,0.8465313100866774,1.8376301529401502,,0.5
KO,2022,1,0.06668317698443924,0.13314533861786282,-0.10984296525640005,0.4135964738315641,0.5079871079505267,0.7726708618490505,0.7764458295148529,-0.292763224994732,,0.05263157894736842
KO,2022,2,0.06668317698443924,0.13314533861786282,-0.10984296525640005,0.8279816788195188,1.0367949991166718,1.5159353434251817,1.5339804002441804,-0.8070759754442267,,0.05263157894736842
KO,2022,3,0.06668317698443924,0.13314533861786282,-0.10984296525640005,1.6047221927024458,2.0251278412377425,3.050320446926647,2.977605516707865,1.4939662051990539,,0.045454545454545456
KO,2022,4,0.06668317698443924,0.13314533861786282,-0.10984296525640005,1.931885207969999,2.268465433415057,3.334620373130316,3.4124168359343336,-1.8796948509208105,,0.05
KO,2022,5,0.06668317698443924,0.13314533861786282,-0.10984296525640005,1.0358949086281868,1.3626085650996766,1.8371147980488576,1.8330805780108748,-0.22780793578641093,,0.05263157894736842
KO,2022,6,0.06668317698443924,0.13314533861786282,-0.10984296525640005,1.048616334710692,1.4698020766778335,1.9443594638317765,1.9085859048968388,0.8688136219059789,,0.05
KO,2022,7,0.06668317698443924,0.13314533861786282,-0.10984296525640005,1.497817819649951,1.6735648378685413,2.6888842439573355,2.644265626629494,1.497817819649951,,0.05263157894736842
KO,2022,8,0.06668317698443924,0.13314533861786282,-0.10984296525640005,0.7912760034519611,0.9807441293332285,1.4004881427549658,1.3874835495392344,0.578158101111749,,0.047619047619047616
KO,2022,9,0.06668317698443924,0.13314533861786282,-0.10984296525640005,1.6721303803069891,2.2027210599636295,3.19769974204962,3.1098915025238694,1.577380364055927,,0.05
KO,2022,10,0.06668317698443924,0.13314533861786282,-0.10984296525640005,1.3963293505634156,1.7197982479772758,2.7137198713320823,2.7251958303400983,0.07517457978879387,,0.05263157894736842
KO,2022,11,0.06668317698443924,0.13314533861786282,-0.10984296525640005,1.3221252833376456,1.6638821216409083,2.363831982079979,2.405297892643119,-1.0669021618110959,,0.05555555555555555
KO,2022,12,0.06668317698443924,0.13314533861786282,-0.10984296525640005,0.45494944375445945,0.543565925787243,0.7867495801880604,0.7903104610085356,-0.27482327813325064,,0.047619047619047616
KO,2023,1,0.06668317698443924,0.13314533861786282,-0.10984296525640005,1.5176465187504136,1.7518328528777467,2.754313760396305,2.7044414165764206,1.5176465187504136,,0.058823529411764705
KO,2023,2,0.06668317698443924,0.13314533861786282,-0.10984296525640005,1.2277679382753761,1.2980049413945638,2.263633403232737,2.2353131569946383,1.2277679382753761,,0.058823529411764705
KO,2023,3,0.06668317698443924,0.13314533861786282,-0.10984296525640005,1.8123412905598688,2.1207489960681607,3.262708973096405,3.3365239966604574,-1.8123412905598688,,0.05
KO,2023,4,0.06668317698443924,0.13314533861786282,-0.10984296525640005,1.0904593584746711,1.2685325235113194,1.8742335182446077,1.8981838052242985,-1.0729839402455752,,0.05263157894736842
KO,2023,5,0.06668317698443924,0.13314533861786282,-0.10984296525640005,1.617892466305206,2.1984449580139525,2.890221618073126,2.813977095110486,1.617892466305206,,0.045454545454545456
KO,2023,6,0.06668317698443924,0.13314533861786282,-0.10984296525640005,1.0286091129107755,1.228798024284461,1.8297828769546955,1.8538589611045528,-1.0286091129107755,,0.047619047619047616
KO,2023,7,0.06668317698443924,0.13314533861786282,-0.10984296525640005,1.0546927801263588,1.305706277474783,1.8498877774501883,1.8727060876201562,-0.7743413371775443,,0.05
KO,2023,8,0.06668317698443924,0.13314533861786282,-0.10984296525640005,0.5977304871737352,0.6710921899432571,1.0725343724257304,1.0653823618003386,0.5773331028898558,,0.047619047619047616
KO,2023,9,0.06668317698443924,0.13314533861786282,-0.10984296525640005,0.6934661471111323,0.9248392246962782,1.3127703787113971,1.2974819988243953,0.6733037587327584,,0.05
KO,2023,10,0.06668317698443924,0.13314533861786282,-0.10984296525640005,1.1618441265840629,1.3781238039353367,2.3253824130694936,2.294035080965865,0.7740152560909359,,0.045454545454545456
KO,2023,11,0.06668317698443924,0.13314533861786282,-0.10984296525640005,0.785465830340317,1.0077482222762677,1.4573221030706611,1.4748493592440344,-0.785465830340317,,0.05
KO,2023,12,0.06668317698443924,0.13314533861786282,-0.10984296525640005,0.7249957321664479,0.8787364438669482,1.3137033878225295,1.3264210900302207,-0.7100985730556001,,0.05
KO,2024,1,0.06668317698443924,0.13314533861786282,-0.10984296525640005,0.3301536149918122,0.39934374947436607,0.5885977735719681,0.5907527556069618,-0.2674787579334903,,0.047619047619047616
KO,2024,2,0.06668317698443924,0.13314533861786282,-0.10984296525640005,0.7300964466840957,0.8734106311417978,1.3039047982111063,1.2930311582261826,0.5596777720664498,,0.05263157894736842
KO,2024,3,0.06668317698443924,0.13314533861786282,-0.10984296525640005,1.0742540636743854,1.2967381141925596,1.8818786473914466,1.907956149821571,-1.0742540636743854,,0.05
KO,2024,4,0.06668317698443924,0.13314533861786282,-0.10984296525640005,1.1112271166318204,1.2510409882131122,1.966626542183282,1.9624802261122847,0.23483373187080758,,0.045454545454545456
KO,2024,5,0.06668317698443924,0.13314533861786282,-0.10984296525640005,0.7643305554097236,0.9177220235013145,1.2865933173223791,1.2985993884525677,-0.7643305554097236,,0.045454545454545456
KO,2024,6,0.06668317698443924,0.13314533861786282,-0.10984296525640005,0.6467604435031408,0.8289828839427766,1.069534095194698,1.0787697614930223,-0.6013877753228354,,0.05263157894736842
KO,2024,7,0.06668317698443924,0.13314533861786282,-0.10984296525640005,1.6627056707868924,2.2375961355879874,2.651035162747188,2.7147590331605733,-1.5295652987165766,,0.045454545454545456
KO,2024,8,0.06668317698443924,0.13314533861786282,-0.10984296525640005,1.6694475286598183,2.1491726913733293,2.4896529796876234,2.5412707237441023,-1.6694475286598183,,0.045454545454545456
KO,2024,9,0.06668317698443924,0.13314533861786282,-0.10984296525640005,1.2889699881950647,1.3942177638929003,1.8905392396695313,1.869802516155248,1.2889699881950647,,0.05
KO,2024,10,0.06668317698443924,0.13314533861786282,-0.10984296525640005,2.4597244354038006,2.9607413275663497,3.793813573340675,3.690431828322783,2.4597244354038006,,0.043478260869565216
KO,2024,11,0.06668317698443924,0.13314533861786282,-0.10984296525640005,1.200067141687357,1.5394251590415506,1.9929152424425007,1.9606250804317695,1.1702741866732378,,0.05
KO,2024,12,0.06668317698443924,0.13314533861786282,-0.10984296525640005,0.5203571151539228,0.608087766520947,0.8617838526564383,0.8571004546989339,0.45234401414805586,,0.047619047619047616
KO,2025,1,0.06668317698443924,0.13314533861786282,-0.10984296525640005,0.6660935482373473,0.948198665885666,1.0977104183922468,1.1076213708149854,-0.4343782040423005,,0.05555555555555555
KO,2025,2,0.06668317698443924,0.13314533861786282,-0.10984296525640005,4.346846387616009,5.173030897780931,6.439897892713932,6.7445180380609555,-4.250455115934085,,0.05263157894736842
KO,2025,3,0.06668317698443924,0.13314533861786282,-0.10984296525640005,1.9079277260974563,2.100711619382382,2.8241828954660613,2.776472476384338,1.9079277260974563,,0.05
KO,2025,4,0.06668317698443924,0.13314533861786282,-0.10984296525640005,1.2635380436776125,1.579087196999981,1.827837403885986,1.8207133520251364,-0.06842370732745451,,0.047619047619047616
KO,2025,5,0.06668317698443924,0.13314533861786282,-0.10984296525640005,0.6381097975258326,0.948054369579257,0.9328624875706774,0.925533528890969,0.18168740335916245,,0.047619047619047616
KO,2025,6,0.06668317698443924,0.13314533861786282,-0.10984296525640005,0.413192048106113,0.49479011575712795,0.5946638642333814,0.5932037847127962,0.1713933989018514,,0.1
KO,2025,7,0.06668317698443924,0.13314533861786282,-0.10984296525640005,1.0350466814036978,1.200050826471119,1.5292371948975239,1.5137534377423691,0.9853547932266561,,0.047619047619047616
KO,2025,8,0.06668317698443924,0.13314533861786282,-0.10984296525640005,1.1213730785382598,1.3567039141773423,1.632387514730512,1.6520383778140173,-1.1213730785382598,,0.047619047619047616
KO,2025,9,0.06668317698443924,0.13314533861786282,-0.10984296525640005,1.601866210787619,1.76163708791718,2.4422056866200093,2.40655616268638,1.601866210787619,,0.05
KO,2025,10,0.06668317698443924,0.13314533861786282,-0.10984296525640005,1.5215892051244355,2.04095957762244,2.2223795182092583,2.265693859140358,-1.313535413117641,,0.043478260869565216
KO,2025,11,0.06668317698443924,0.13314533861786282,-0.10984296525640005,3.2143145742016013,3.6345141295790464,4.540876366988812,4.675746446412967,-3.2143145742016013,,0.05263157894736842
KO,2025,12,0.06668317698443924,0.13314533861786282,-0.10984296525640005,0.6131718992065984,0.8671560159240399,0.8736211324447218,0.8660550921411628,0.6131718992065984,,0.5
JNJ,2022,1,0.14591528081337984,0.16150002645283462,-0.08199534482259459,2.90328813518078,3.7106673929430425,1.9693988678528922,1.9395020189403096,2.5977843703699612,,0.0625
JNJ,2022,2,0.14591528081337984,0.16150002645283462,-0.08199534482259459,4.305096565380681,5.832945927994353,2.9635479240676252,2.8852832778261996,3.9016442642326847,,0.058823529411764705
JNJ,2022,3,0.14591528081337984,0.16150002645283462,-0.08199534482259459,5.843365306218202,6.395631928797506,3.753484672416405,3.8390687799015515,-5.843365306218202,,0.043478260869565216
JNJ,2022,4,0.14591528081337984,0.16150002645283462,-0.08199534482259459,1.463656794936617,1.8028183188375622,0.9038089953639169,0.9069535591864418,-0.6040605213148443,,0.05263157894736842
JNJ,2022,5,0.14591528081337984,0.16150002645283462,-0.08199534482259459,1.7081410832207733,2.240831240919513,1.0836200990107694,1.0749015620308278,1.1993743995322228,,0.058823529411764705
JNJ,2022,6,0.14591528081337984,0.16150002645283462,-0.08199534482259459,3.9355195504978306,5.024699478706004,2.5568976729173745,2.505309599353147,3.5893908106084544,,0.058823529411764705
JNJ,2022,7,0.14591528081337984,0.16150002645283462,-0.08199534482259459,3.457833774044221,4.334262352212178,2.231497842975415,2.192926563401544,3.434427577980576,,0.05555555555555555
JNJ,2022,8,0.14591528081337984,0.16150002645283462,-0.08199534482259459,6.940890936833926,7.780820752441701,4.654430163763841,4.521370124289144,6.940890936833926,,0.05
JNJ,2022,9,0.14591528081337984,0.16150002645283462,-0.08199534482259459,2.0124521487218114,2.4063819780634543,1.359687715123821,1.3466223756543005,1.9511353348479235,,0.05263157894736842
JNJ,2022,10,0.14591528081337984,0.16150002645283462,-0.08199534482259459,2.668766484248362,3.5023499025135836,1.7514934606740287,1.7718417085998066,-1.633959440595721,,0.05263157894736842
JNJ,2022,11,0.14591528081337984,0.16150002645283462,-0.08199534482259459,1.6472262418674164,1.952489080654745,1.0441296712635206,1.045424757275795,-0.08108189092493806,,0.05555555555555555
JNJ,2022,12,0.14591528081337984,0.16150002645283462,-0.08199534482259459,1.7994320585457437,2.1251346349683886,1.1206734448287867,1.1119691598984551,1.7934274781235686,,0.0625
JNJ,2023,1,0.14591528081337984,0.16150002645283462,-0.08199534482259459,7.489466186651555,8.969954324765952,4.898795674143248,4.731257974417007,7.184212085652129,,0.05263157894736842
JNJ,2023,2,0.14591528081337984,0.16150002645283462,-0.08199534482259459,4.895582068217976,5.996066237140876,3.3947227192683544,3.3095613258700194,4.862431175869883,,0.0625
JNJ,2023,3,0.14591528081337984,0.16150002645283462,-0.08199534482259459,0.9211268773970858,1.1597046028886688,0.6564090917595888,0.6564048842429985,0.005930537048890017,,0.0625
JNJ,2023,4,0.14591528081337984,0.16150002645283462,-0.08199534482259459,4.186608721290241,4.720335186436848,2.785908505348642,2.8359610876040957,-4.186608721290241,,0.05555555555555555
JNJ,2023,5,0.14591528081337984,0.16150002645283462,-0.08199534482259459,5.076388334122063,6.027887327905669,3.5119953788756755,3.4268660508101894,4.967293967923045,,0.045454545454545456
JNJ,2023,6,0.14591528081337984,0.16150002645283462,-0.08199534482259459,5.145664820790638,5.557087748070906,3.428337390235882,3.4978306190925643,-5.145664820790638,,0.047619047619047616
JNJ,2023,7,0.14591528081337984,0.16150002645283462,-0.08199534482259459,4.14042095700823,4.603180469962468,2.744025010334197,2.7258875868972217,1.1386092305073858,,0.05
JNJ,2023,8,0.14591528081337984,0.16150002645283462,-0.08199534482259459,3.3553290637966393,4.050668424417696,2.1707448321267577,2.1476602570981953,1.0635851980436744,,0.047619047619047616
JNJ,2023,9,0.14591528081337984,0.16150002645283462,-0.08199534482259459,2.0311469988147337,2.8830194349244294,1.3775337324758916,1.3610458732079747,1.2919624767455304,,0.05
JNJ,2023,10,0.14591528081337984,0.16150002645283462,-0.08199534482259459,3.680756532267089,5.156874700052117,2.6384497025418043,2.574586535169854,2.80539257869756,,0.045454545454545456
JNJ,2023,11,0.14591528081337984,0.16150002645283462,-0.08199534482259459,1.448893331261399,1.6886654955091775,1.03650188363963,1.0368935300438138,-0.1800392016945179,,0.047619047619047616
JNJ,2023,12,0.14591528081337984,0.16150002645283462,-0.08199534482259459,4.359202267245989,4.834501278364956,2.996022758269266,2.9417861322141987,4.335937004731877,,0.05
JNJ,2024,1,0.14591528081337984,0.16150002645283462,-0.08199534482259459,1.2418148100140598,1.6523013568956173,0.8309963135040137,0.8254975760833375,0.8123588965098947,,0.05
JNJ,2024,2,0.14591528081337984,0.16150002645283462,-0.08199534482259459,1.549035292394592,1.7868829593042574,1.0468360553648532,1.041638114057979,0.8268301077602274,,0.05
JNJ,2024,3,0.14591528081337984,0.16150002645283462,-0.08199534482259459,5.219587919300295,5.997353208285723,3.5230628508228152,3.4425998456268037,5.219587919300295,,0.05
JNJ,2024,4,0.14591528081337984,0.16150002645283462,-0.08199534482259459,9.232656645733362,10.21794831147297,6.635100277720915,6.374607269851939,9.232656645733362,,0.045454545454545456
JNJ,2024,5,0.14591528081337984,0.16150002645283462,-0.08199534482259459,2.8474897106117165,3.8168442281117514,2.0388078134930123,2.0026876111865466,2.510444758935609,,0.047619047619047616
JNJ,2024,6,0.14591528081337984,0.16150002645283462,-0.08199534482259459,2.862023434950735,3.259531426684651,2.0574249491815735,2.0303089559650567,2.862023434950735,,0.05263157894736842
JNJ,2024,7,0.14591528081337984,0.16150002645283462,-0.08199534482259459,4.283684855330504,5.569677228611488,2.8886258171452814,2.958618688166102,-3.8726745575479145,,0.05
JNJ,2024,8,0.14591528081337984,0.16150002645283462,-0.08199534482259459,2.1083815076866532,2.5345166667478023,1.3820643659100837,1.371902356112996,1.2966199065504855,,0.047619047619047616
JNJ,2024,9,0.14591528081337984,0.16150002645283462,-0.08199534482259459,3.7799620083522427,4.657059935156881,2.419565721106031,2.375665081064371,3.769652753847777,,0.05
JNJ,2024,10,0.14591528081337984,0.16150002645283462,-0.08199534482259459,2.2591780221995235,2.807286622159962,1.4667357890101251,1.4504063420064888,2.1226201386145376,,0.045454545454545456
JNJ,2024,11,0.14591528081337984,0.16150002645283462,-0.08199534482259459,5.457320550527754,5.911886116762745,3.691462830114408,3.6129087960498616,5.457320550527754,,0.058823529411764705
JNJ,2024,12,0.14591528081337984,0.16150002645283462,-0.08199534482259459,8.502775219450045,9.226259490042258,6.0416149018239995,5.833169277612585,8.502775219450045,,0.05555555555555555
JNJ,2025,1,0.14591528081337984,0.16150002645283462,-0.08199534482259459,2.0723336693488275,2.9279768492313396,1.438717273514619,1.4555533734781567,-1.3137544413230409,,0.05263157894736842
JNJ,2025,2,0.14591528081337984,0.16150002645283462,-0.08199534482259459,4.861697562646768,6.442728743666081,3.100053337867896,3.1851513063349657,-4.861697562646768,,0.05555555555555555
JNJ,2025,3,0.14591528081337984,0.16150002645283462,-0.08199534482259459,5.0961458783938225,5.724444860709515,3.207266852006348,3.1434903285129154,5.0961458783938225,,0.047619047619047616
JNJ,2025,4,0.14591528081337984,0.16150002645283462,-0.08199534482259459,2.1546914479018837,2.671005370752955,1.4417192198001407,1.4352059875167265,0.961398559846117,,0.047619047619047616
JNJ,2025,5,0.14591528081337984,0.16150002645283462,-0.08199534482259459,2.8434775187878434,3.657617220336727,1.9280991593937595,1.898976420246361,2.3735188499216533,,0.05263157894736842
JNJ,2025,6,0.14591528081337984,0.16150002645283462,-0.08199534482259459,0.9680256359790291,1.2903397704232948,0.6394257958850474,0.6358204190780733,0.9190438107159309,,0.1
JNJ,2025,7,0.14591528081337984,0.16150002645283462,-0.08199534482259459,5.552140455767462,7.051008487172154,3.4009331468609383,3.495641128082084,-5.33147730824186,,0.05
JNJ,2025,8,0.14591528081337984,0.16150002645283462,-0.08199534482259459,5.707861027828114,6.147499643353162,3.2985739591707857,3.36247307375943,-5.707861027828114,,0.05
JNJ,2025,9,0.14591528081337984,0.16150002645283462,-0.08199534482259459,2.5356580195017466,3.22871307851539,1.4505605606915803,1.4353048436457045,2.1696398361547233,,0.047619047619047616
JNJ,2025,10,0.14591528081337984,0.16150002645283462,-0.08199534482259459,2.4347322882680125,2.7428658131450345,1.2930277894961195,1.2983347549374864,-1.3189621539117338,,0.043478260869565216
JNJ,2025,11,0.14591528081337984,0.16150002645283462,-0.08199534482259459,8.194754854739637,10.41373376208233,4.100613067113075,4.239088070000997,-8.074349117165015,,0.05555555555555555
JNJ,2025,12,0.14591528081337984,0.16150002645283462,-0.08199534482259459,0.12354032183478125,0.17471239863868465,0.06046006973350459,0.06042353762052377,0.12354032183478125,,0.5
MSFT,2022,1,0.24094683092327263,0.23494684147942663,-0.15380871029272966,28.58127948588258,31.11122835975125,9.74648897297747,9.208654232045914,28.58127948588258,,0.05
MSFT,2022,2,0.24094683092327263,0.23494684147942663,-0.15380871029272966,12.032731992529179,14.342950544127383,4.243209781213569,4.118207542366026,11.470786599858016,,0.05263157894736842
MSFT,2022,3,0.24094683092327263,0.23494684147942663,-0.15380871029272966,7.779748343367222,9.969753389199484,2.7657294414389333,2.7301367632177853,2.2505304091397296,,0.043478260869565216
MSFT,2022,4,0.24094683092327263,0.23494684147942663,-0.15380871029272966,23.001733357172093,26.014687638606574,8.424969763215104,7.991241395399803,22.430994884895277,,0.05
MSFT,2022,5,0.24094683092327263,0.23494684147942663,-0.15380871029272966,19.191875597868812,21.44231057782418,7.576958683784409,7.232338741596857,18.73515689966153,,0.047619047619047616
MSFT,2022,6,0.24094683092327263,0.23494684147942663,-0.15380871029272966,15.22064028720043,18.21246801870029,6.2093751332635225,5.941418603446219,15.057509858330599,,0.047619047619047616
MSFT,2022,7,0.24094683092327263,0.23494684147942663,-0.15380871029272966,5.825148819970058,7.140022202240718,2.272282702322818,2.2841201216110045,-1.0600142636573864,,0.05
MSFT,2022,8,0.24094683092327263,0.23494684147942663,-0.15380871029272966,8.563732182045374,10.446510797031202,3.1767764454127234,3.1531255208304554,-0.0759213846535693,,0.043478260869565216
MSFT,2022,9,0.24094683092327263,0.23494684147942663,-0.15380871029272966,15.248970741730576,18.12955041826163,6.5006958985576,6.214094410961362,14.465278868518087,,0.047619047619047616
MSFT,2022,10,0.24094683092327263,0.23494684147942663,-0.15380871029272966,8.043843804225583,9.258090013835009,3.5419962366042874,3.4773507708435405,4.955264442476996,,0.047619047619047616
MSFT,2022,11,0.24094683092327263,0.23494684147942663,-0.15380871029272966,9.647675225907957,10.882333816387671,4.130856024845386,4.203668965233321,-6.11690572781582,,0.047619047619047616
MSFT,2022,12,0.24094683092327263,0.23494684147942663,-0.15380871029272966,11.902658666777596,14.207372461815423,5.0619505821051725,4.884472337216456,11.893281078374523,,0.047619047619047616
MSFT,2023,1,0.24094683092327263,0.23494684147942663,-0.15380871029272966,5.558221427641181,7.593320813627226,2.4695761582554536,2.4159175330234746,4.488039575528393,,0.05
MSFT,2023,2,0.24094683092327263,0.23494684147942663,-0.15380871029272966,7.825272330836957,8.98858522456253,3.0610116113676247,3.094085036502743,-3.3966980954410575,,0.05263157894736842
MSFT,2023,3,0.24094683092327263,0.23494684147942663,-0.15380871029272966,16.510776013320196,19.58664326787436,6.15674838536263,6.4304445186119485,-16.500129150885012,,0.0
MSFT,2023,4,0.24094683092327263,0.23494684147942663,-0.15380871029272966,5.0490674543069165,6.862757129304802,1.7924431428811505,1.7807011537243493,1.9181071484600867,,0.05263157894736842
MSFT,2023,5,0.24094683092327263,0.23494684147942663,-0.15380871029272966,6.292625461762278,8.989973613371415,1.9921587686599986,2.0324300992108615,-5.995690672133691,,0.045454545454545456
MSFT,2023,6,0.24094683092327263,0.23494684147942663,-0.15380871029272966,4.513945575583009,5.811677924320152,1.3852519812811284,1.3754659767234714,2.533273887648783,,0.047619047619047616
MSFT,2023,7,0.24094683092327263,0.23494684147942663,-0.15380871029272966,5.622708333741253,7.491635549342952,1.678572482988557,1.6738518198268955,0.7643355569192295,,0.05
MSFT,2023,8,0.24094683092327263,0.23494684147942663,-0.15380871029272966,16.55504771717754,17.625555279966814,5.225261493153939,5.074739516495421,16.55504771717754,,0.043478260869565216
MSFT,2023,9,0.24094683092327263,0.23494684147942663,-0.15380871029272966,10.082994198234863,13.167288388980669,3.2195469777747716,3.1381645329568637,7.41445773081891,,0.05
MSFT,2023,10,0.24094683092327263,0.23494684147942663,-0.15380871029272966,4.0897777081718,4.929223569933838,1.263079170249869,1.269590857661112,-2.2493297169573157,,0.045454545454545456
MSFT,2023,11,0.24094683092327263,0.23494684147942663,-0.15380871029272966,20.146966590856902,22.253226045104157,5.4958158533614245,5.684876220839326,-20.146966590856902,,0.047619047619047616
MSFT,2023,12,0.24094683092327263,0.23494684147942663,-0.15380871029272966,3.9677051865236734,4.570703331232076,1.0868720194614105,1.0790511515905326,3.9677051865236734,,0.05
MSFT,2024,1,0.24094683092327263,0.23494684147942663,-0.15380871029272966,15.971703829530716,19.17157628559486,4.081695057700584,4.202769324219423,-15.217628389124194,,0.047619047619047616
MSFT,2024,2,0.24094683092327263,0.23494684147942663,-0.15380871029272966,4.1639204043912885,5.694785973552726,1.0265649858568993,1.034503132085186,-2.5950048233460707,,0.05
MSFT,2024,3,0.24094683092327263,0.23494684147942663,-0.15380871029272966,5.153456717572951,6.752570608045158,1.2666797366505274,1.2594312051145762,1.5334772768583065,,0.05
MSFT,2024,4,0.24094683092327263,0.23494684147942663,-0.15380871029272966,14.680144201404788,19.28073976686878,3.689420219699958,3.5744506262011906,14.464397384955618,,0.045454545454545456
MSFT,2024,5,0.24094683092327263,0.23494684147942663,-0.15380871029272966,21.093474010458166,22.991326563259573,5.072556705894671,5.228873620536967,-21.093474010458166,,0.045454545454545456
MSFT,2024,6,0.24094683092327263,0.23494684147942663,-0.15380871029272966,21.895204532667993,24.323069139103424,4.99570946033222,5.153376837779877,-21.895204532667993,,0.05263157894736842
MSFT,2024,7,0.24094683092327263,0.23494684147942663,-0.15380871029272966,20.73628473565882,27.12966838951098,4.863295397922371,4.669333524112414,18.31142015413867,,0.045454545454545456
MSFT,2024,8,0.24094683092327263,0.23494684147942663,-0.15380871029272966,10.897891184115757,12.81832332011972,2.7053105618611175,2.655155291276884,10.897891184115757,,0.045454545454545456
MSFT,2024,9,0.24094683092327263,0.23494684147942663,-0.15380871029272966,12.933383272877037,14.840392823521892,3.043963097657105,3.1028241385578386,-11.420944444828146,,0.05
MSFT,2024,10,0.24094683092327263,0.23494684147942663,-0.15380871029272966,5.245378002101777,6.4428387479573495,1.2704089980139024,1.2628818226321792,2.38644713359107,,0.043478260869565216
MSFT,2024,11,0.24094683092327263,0.23494684147942663,-0.15380871029272966,7.181758670410514,8.61880405145295,1.7186760805305463,1.739898831912564,-6.911145592297006,,0.05
MSFT,2024,12,0.24094683092327263,0.23494684147942663,-0.15380871029272966,7.859885467518663,9.869349432032385,1.7910557316778126,1.8089734127572394,-5.256062049716328,,0.047619047619047616
MSFT,2025,1,0.24094683092327263,0.23494684147942663,-0.15380871029272966,11.061414588667628,14.424036895754941,2.555145392311569,2.609103416763423,-9.752279278957598,,0.05
MSFT,2025,2,0.24094683092327263,0.23494684147942663,-0.15380871029272966,6.232974003969221,9.053437317945278,1.5654533238041242,1.5406519594583954,5.099299142054095,,0.05263157894736842
MSFT,2025,3,0.24094683092327263,0.23494684147942663,-0.15380871029272966,5.069746866162851,6.702081050011955,1.3259195124864984,1.3185689193696088,1.853140680693733,,0.047619047619047616
MSFT,2025,4,0.24094683092327263,0.23494684147942663,-0.15380871029272966,10.232407155814972,14.280448330947419,2.8138497956863064,2.7404452282133276,8.077323608958306,,0.047619047619047616
MSFT,2025,5,0.24094683092327263,0.23494684147942663,-0.15380871029272966,18.536437385269988,20.29823271621678,4.121646021757836,4.225334641430252,-18.536437385269988,,0.047619047619047616
MSFT,2025,6,0.24094683092327263,0.23494684147942663,-0.15380871029272966,6.278315820842073,8.806765904009541,1.3185617280599777,1.3356161494179404,-6.278315820842073,,0.09090909090909091
MSFT,2025,7,0.24094683092327263,0.23494684147942663,-0.15380871029272966,8.412850340872012,9.951927271324635,1.6549668970843159,1.6739648410265313,-8.2753671261122,,0.045454545454545456
MSFT,2025,8,0.24094683092327263,0.23494684147942663,-0.15380871029272966,16.512459722653375,20.828418834435414,3.2560136751834534,3.175355340645621,15.291573101939093,,0.047619047619047616
MSFT,2025,9,0.24094683092327263,0.23494684147942663,-0.15380871029272966,6.11381934332565,7.479380432965145,1.2165679086797534,1.2056004734496208,5.784640475749727,,0.047619047619047616
MSFT,2025,10,0.24094683092327263,0.23494684147942663,-0.15380871029272966,8.3865337165701,9.779765108584677,1.6222356041621149,1.6080138010103642,5.887140385493143,,0.043478260869565216
MSFT,2025,11,0.24094683092327263,0.23494684147942663,-0.15380871029272966,24.880376280946773,29.159172457012325,5.114445253360287,4.938469909691172,24.880376280946773,,0.05263157894736842
MSFT,2025,12,0.24094683092327263,0.23494684147942663,-0.15380871029272966,1.487780012495051,2.104038671498114,0.3043215854813134,0.3052505287300347,-1.487780012495051,,0.5
AAPL,2022,1,0.07279774372056053,0.24197940470834345,0.3017881566067399,8.983557887414165,10.41506753729224,5.537654773971692,5.335061386240949,8.983557887414165,,0.05
AAPL,2022,2,0.07279774372056053,0.24197940470834345,0.3017881566067399,2.739550836623215,3.5022029562129235,1.6774538418049656,1.659595849502898,1.5066980294785828,,0.05263157894736842
AAPL,2022,3,0.07279774372056053,0.24197940470834345,0.3017881566067399,7.455669868893715,9.757138040261161,4.482495330303174,4.6228618757348645,-4.959044865584162,,0.043478260869565216
AAPL,2022,4,0.07279774372056053,0.24197940470834345,0.3017881566067399,5.698316758056412,6.815332165889391,3.5684522167503383,3.4805605599756784,5.181261079588891,,0.05
AAPL,2022,5,0.07279774372056053,0.24197940470834345,0.3017881566067399,8.506457263012418,10.175498621077026,6.033119418963703,5.791739687031731,7.502291978160667,,0.047619047619047616
AAPL,2022,6,0.07279774372056053,0.24197940470834345,0.3017881566067399,8.121684975381953,9.679499076714261,6.103048199116019,5.8470204096125835,7.8255971580589305,,0.047619047619047616
AAPL,2022,7,0.07279774372056053,0.24197940470834345,0.3017881566067399,13.243887014484221,15.079309975440502,8.852109439408418,9.381307270506618,-13.243887014484221,,0.05
AAPL,2022,8,0.07279774372056053,0.24197940470834345,0.3017881566067399,7.986381320222407,9.243310681223017,4.800061986683275,4.957219200057199,-7.869978275502688,,0.043478260869565216
AAPL,2022,9,0.07279774372056053,0.24197940470834345,0.3017881566067399,3.9378594624868386,5.645883300837019,2.702405546798667,2.634845194708722,3.1107787000815352,,0.047619047619047616
AAPL,2022,10,0.07279774372056053,0.24197940470834345,0.3017881566067399,4.254793322391068,5.66574720072376,2.9192495616334373,2.9857703862677694,-3.082141348896774,,0.047619047619047616
AAPL,2022,11,0.07279774372056053,0.24197940470834345,0.3017881566067399,4.429021765551247,6.030391925632804,3.1812013654926843,3.102578723691611,2.1736595313149287,,0.047619047619047616
AAPL,2022,12,0.07279774372056053,0.24197940470834345,0.3017881566067399,7.147931344713315,8.986681212631678,5.483285812617652,5.251656205645455,7.11434673190846,,0.047619047619047616
AAPL,2023,1,0.07279774372056053,0.24197940470834345,0.3017881566067399,11.54569755102493,13.436600184592736,8.41993270683221,8.91971588615256,-11.54569755102493,,0.05
AAPL,2023,2,0.07279774372056053,0.24197940470834345,0.3017881566067399,7.492875372164631,7.990709637699879,5.011121462002914,5.157196541867509,-7.492875372164631,,0.05263157894736842
AAPL,2023,3,0.07279774372056053,0.24197940470834345,0.3017881566067399,10.338126026085227,11.673988513877923,6.665717382035571,6.957443774683137,-10.338126026085227,,0.043478260869565216
AAPL,2023,4,0.07279774372056053,0.24197940470834345,0.3017881566067399,2.669358575875458,3.3001490047455078,1.6372567572445584,1.648555806532607,-1.2408826292751396,,0.05263157894736842
AAPL,2023,5,0.07279774372056053,0.24197940470834345,0.3017881566067399,6.318834800668466,7.26967252394941,3.6842290357298237,3.7738384550194572,-5.851612468673898,,0.045454545454545456
AAPL,2023,6,0.07279774372056053,0.24197940470834345,0.3017881566067399,6.8690647742622275,8.635680771334323,3.7213937677747597,3.8328370224168697,-6.789782489571993,,0.047619047619047616
AAPL,2023,7,0.07279774372056053,0.24197940470834345,0.3017881566067399,4.205908156617324,5.331467325644424,2.2014463251977885,2.2380357434024614,-3.33015596322562,,0.05
AAPL,2023,8,0.07279774372056053,0.24197940470834345,0.3017881566067399,9.956235030368655,11.270396551505607,5.659140221953616,5.460405545762605,9.815732944486403,,0.043478260869565216
AAPL,2023,9,0.07279774372056053,0.24197940470834345,0.3017881566067399,9.038417590626025,9.692097156466732,5.229319389995241,5.076010050096953,8.975516124306974,,0.05
AAPL,2023,10,0.07279774372056053,0.24197940470834345,0.3017881566067399,4.342238966324141,5.062033207295651,2.492750376743711,2.535005745972195,-4.172589616033227,,0.045454545454545456
AAPL,2023,11,0.07279774372056053,0.24197940470834345,0.3017881566067399,15.574957204998267,17.121779871671286,8.370689201397804,8.813819404355112,-15.574957204998267,,0.047619047619047616
AAPL,2023,12,0.07279774372056053,0.24197940470834345,0.3017881566067399,6.026422413181997,6.59931205750306,3.1245362150009095,3.1837380943905695,-5.880084124775645,,0.05
AAPL,2024,1,0.07279774372056053,0.24197940470834345,0.3017881566067399,6.4594983581565195,8.263517504972421,3.4220497494418245,3.516574920992368,-5.787110881752315,,0.047619047619047616
AAPL,2024,2,0.07279774372056053,0.24197940470834345,0.3017881566067399,1.3922997090283615,1.8556383082432386,0.7539634311571419,0.7586653032340192,-1.1202076614331475,,0.05
AAPL,2024,3,0.07279774372056053,0.24197940470834345,0.3017881566067399,4.085634274904949,4.84316105152458,2.4077420407225083,2.3691254152991514,3.7392603094368653,,0.05
AAPL,2024,4,0.07279774372056053,0.24197940470834345,0.3017881566067399,3.473906079715634,4.774853328658019,2.045799134896881,2.0855550611113256,-3.3612725397208267,,0.045454545454545456
AAPL,2024,5,0.07279774372056053,0.24197940470834345,0.3017881566067399,20.024323429624882,21.34298975579682,10.725243413028384,11.416990951395634,-20.024323429624882,,0.045454545454545456
AAPL,2024,6,0.07279774372056053,0.24197940470834345,0.3017881566067399,15.660942504433137,18.394408306700996,7.480235303255518,7.884466015338483,-15.660942504433137,,0.05263157894736842
AAPL,2024,7,0.07279774372056053,0.24197940470834345,0.3017881566067399,10.92438059201511,12.04722424828,4.856865435532603,5.0028593154019685,-10.92438059201511,,0.045454545454545456
AAPL,2024,8,0.07279774372056053,0.24197940470834345,0.3017881566067399,9.84324847925468,11.382086340086365,4.429649032591194,4.536621809742562,-7.037491704407433,,0.045454545454545456
AAPL,2024,9,0.07279774372056053,0.24197940470834345,0.3017881566067399,5.419943898679452,7.395235532559708,2.4038339160818123,2.45694916178414,-4.726663442054241,,0.05
AAPL,2024,10,0.07279774372056053,0.24197940470834345,0.3017881566067399,6.772881581147155,8.004500347791247,2.9396502068775288,2.999878382199656,-6.4770423560786154,,0.043478260869565216
AAPL,2024,11,0.07279774372056053,0.24197940470834345,0.3017881566067399,7.362275299210599,9.296150273031406,3.20723831851711,3.290392576756301,-7.294278515830503,,0.05
AAPL,2024,12,0.07279774372056053,0.24197940470834345,0.3017881566067399,13.026070990365108,14.926546433775284,5.199029109513703,5.381263920422893,-13.026070990365108,,0.047619047619047616
AAPL,2025,1,0.07279774372056053,0.24197940470834345,0.3017881566067399,6.2881680998638245,8.808410842345511,2.7799403251722143,2.7055963826005605,5.9447187809230595,,0.05
AAPL,2025,2,0.07279774372056053,0.24197940470834345,0.3017881566067399,14.200325076780706,16.59240965091457,5.888094113613087,6.132766840782962,-14.200325076780706,,0.05263157894736842
AAPL,2025,3,0.07279774372056053,0.24197940470834345,0.3017881566067399,11.172669339696533,13.50623737219637,5.17714038964527,4.986474446753678,10.99272031487345,,0.047619047619047616
AAPL,2025,4,0.07279774372056053,0.24197940470834345,0.3017881566067399,18.364354318216655,22.169433100589664,9.591332461639162,8.942337174972124,18.24698174082518,,0.047619047619047616
AAPL,2025,5,0.07279774372056053,0.24197940470834345,0.3017881566067399,7.593842881244329,9.425856973394025,3.822161901545024,3.7123272848087994,7.390016514826913,,0.047619047619047616
AAPL,2025,6,0.07279774372056053,0.24197940470834345,0.3017881566067399,2.0942322568197635,2.7908568695408236,1.0389529724445001,1.0478685816391335,-1.776777263228405,,0.06666666666666667
AAPL,2025,7,0.07279774372056053,0.24197940470834345,0.3017881566067399,5.883503911619883,6.616468423796495,2.7848598326003584,2.834633491856172,-5.883503911619883,,0.045454545454545456
AAPL,2025,8,0.07279774372056053,0.24197940470834345,0.3017881566067399,25.287404971358487,27.735453491876996,11.07507997859172,11.862042077275605,-25.287404971358487,,0.047619047619047616
AAPL,2025,9,0.07279774372056053,0.24197940470834345,0.3017881566067399,16.526735664179757,19.96555222366197,6.664429996265546,6.998506996044027,-16.519307882841108,,0.047619047619047616
AAPL,2025,10,0.07279774372056053,0.24197940470834345,0.3017881566067399,9.039374435095652,11.959349076022265,3.432916741778253,3.532737310374708,-7.6746835866732965,,0.043478260869565216
AAPL,2025,11,0.07279774372056053,0.24197940470834345,0.3017881566067399,5.073723809850594,6.903320608542941,1.8492779455382917,1.8812510172315693,-5.073723809850594,,0.05263157894736842
AAPL,2025,12,0.07279774372056053,0.24197940470834345,0.3017881566067399,2.0376672124573645,2.8816966074601837,0.7133208747647202,0.718445697901702,-2.0376672124573645,,0.5
AMZN,2022,1,0.35361524375332337,0.297566721812755,0.47106938065153603,12.19072443890425,15.148826174447645,8.269858935270435,7.755175142022227,12.19072443890425,,0.05
AMZN,2022,2,0.35361524375332337,0.297566721812755,0.47106938065153603,6.822078893917714,7.699649677817841,4.409931923635561,4.499228964055665,-5.366317166727811,,0.05263157894736842
AMZN,2022,3,0.35361524375332337,0.297566721812755,0.47106938065153603,10.385612194595142,12.180101626645746,6.606577080997857,6.7734694891612675,-4.790707887644063,,0.043478260869565216
AMZN,2022,4,0.35361524375332337,0.297566721812755,0.47106938065153603,10.882750252729405,13.522176994545557,7.589664915267144,7.145906692853438,10.28868777571077,,0.05
AMZN,2022,5,0.35361524375332337,0.297566721812755,0.47106938065153603,9.808815854276062,11.26046533839438,9.014082175700288,8.503740688099203,9.617223123409003,,0.047619047619047616
AMZN,2022,6,0.35361524375332337,0.297566721812755,0.47106938065153603,6.639838158850647,8.444748730383408,6.161513318507101,5.871617009220176,5.536008567592164,,0.047619047619047616
AMZN,2022,7,0.35361524375332337,0.297566721812755,0.47106938065153603,9.955878348420054,12.320940648170902,8.21558433098032,8.744468108961719,-9.955878348420054,,0.05
AMZN,2022,8,0.35361524375332337,0.297566721812755,0.47106938065153603,5.131495617267936,6.1486497387391825,3.6651165190406654,3.751849002635936,-4.072057200555075,,0.043478260869565216
AMZN,2022,9,0.35361524375332337,0.297566721812755,0.47106938065153603,4.775331909277769,6.077925672416662,3.980885045802839,3.9004193178589706,2.2522809348071284,,0.047619047619047616
AMZN,2022,10,0.35361524375332337,0.297566721812755,0.47106938065153603,3.8304841970159784,4.823706694291263,3.3662852508972927,3.375168240198452,-1.0256407010242394,,0.047619047619047616
AMZN,2022,11,0.35361524375332337,0.297566721812755,0.47106938065153603,3.270135622007248,4.026253422531754,3.548776896043355,3.4766087304701125,1.8830103709487065,,0.047619047619047616
AMZN,2022,12,0.35361524375332337,0.297566721812755,0.47106938065153603,6.551945274334215,7.22038647937869,7.606476024773206,7.265461717683322,6.551945274334215,,0.047619047619047616
AMZN,2023,1,0.35361524375332337,0.297566721812755,0.47106938065153603,9.87414019872567,11.578346689515003,10.120555319911368,10.858839266697743,-9.550250197096513,,0.05
AMZN,2023,2,0.35361524375332337,0.297566721812755,0.47106938065153603,5.5979135124907335,6.299022546317428,5.732428818728569,5.555891812562106,4.754295372543151,,0.05263157894736842
AMZN,2023,3,0.35361524375332337,0.297566721812755,0.47106938065153603,4.709048030079217,5.958764932151105,4.75435651691772,4.938183582879964,-4.566061527817563,,0.045454545454545456
AMZN,2023,4,0.35361524375332337,0.297566721812755,0.47106938065153603,1.7943523888806374,2.628680846130721,1.7150757054870143,1.7318643852704807,-0.9283802412402405,,0.05263157894736842
AMZN,2023,5,0.35361524375332337,0.297566721812755,0.47106938065153603,9.911790675118864,11.579407581446597,8.593820485594108,9.118289643004776,-9.911790675118864,,0.045454545454545456
AMZN,2023,6,0.35361524375332337,0.297566721812755,0.47106938065153603,5.144989388781288,5.91830923185539,4.030220144229838,4.139384348695069,-5.039465626337291,,0.047619047619047616
AMZN,2023,7,0.35361524375332337,0.297566721812755,0.47106938065153603,1.9843175380991163,2.4348734049618654,1.5051674658188023,1.5136878213448193,-0.5195933306866927,,0.05
AMZN,2023,8,0.35361524375332337,0.297566721812755,0.47106938065153603,5.060373354022647,5.768289955364071,3.68919239592863,3.7736976452437605,-4.539971153272904,,0.043478260869565216
AMZN,2023,9,0.35361524375332337,0.297566721812755,0.47106938065153603,5.073451728685617,6.44814662422067,3.8449824367610392,3.7631519306509964,2.2540600670710766,,0.05
AMZN,2023,10,0.35361524375332337,0.297566721812755,0.47106938065153603,2.9380954885505175,3.6611513866977807,2.287035178942483,2.299966117050053,-1.0245452786109426,,0.045454545454545456
AMZN,2023,11,0.35361524375332337,0.297566721812755,0.47106938065153603,6.722496285890543,7.490352387085585,4.637745259927698,4.774336142713538,-6.722496285890543,,0.047619047619047616
AMZN,2023,12,0.35361524375332337,0.297566721812755,0.47106938065153603,4.431526880152246,5.667697768516529,2.909961299855889,2.9783227426724115,-3.980082061146986,,0.05
AMZN,2024,1,0.35361524375332337,0.297566721812755,0.47106938065153603,7.019554418307142,8.205263605430789,4.507618516339457,4.6400578783907,-6.08078542078272,,0.047619047619047616
AMZN,2024,2,0.35361524375332337,0.297566721812755,0.47106938065153603,14.403937918138434,15.210406247065086,8.366230983056887,8.773766693195032,-14.403937918138434,,0.05
AMZN,2024,3,0.35361524375332337,0.297566721812755,0.47106938065153603,2.3466076884264,2.759831073199488,1.3297266979889482,1.3281925373365255,0.16854615512488919,,0.05
AMZN,2024,4,0.35361524375332337,0.297566721812755,0.47106938065153603,3.0956132806771977,3.805702118156372,1.6945118190250987,1.709156449602211,-1.7334728608128516,,0.045454545454545456
AMZN,2024,5,0.35361524375332337,0.297566721812755,0.47106938065153603,5.549941084755048,6.450048320258165,2.9835226587417885,3.042545342677684,-5.193563865826835,,0.045454545454545456
AMZN,2024,6,0.35361524375332337,0.297566721812755,0.47106938065153603,8.785351456611837,10.248231456049147,4.654546922273499,4.804237223160187,-8.785351456611837,,0.05263157894736842
AMZN,2024,7,0.35361524375332337,0.297566721812755,0.47106938065153603,8.501659365621654,10.540746533418313,4.59547261484541,4.440227292821124,7.270418404486292,,0.045454545454545456
AMZN,2024,8,0.35361524375332337,0.297566721812755,0.47106938065153603,9.413013393595495,11.618003154207527,5.612041086031427,5.377824541024337,9.413013393595495,,0.045454545454545456
AMZN,2024,9,0.35361524375332337,0.297566721812755,0.47106938065153603,11.592691206156474,13.482586980841251,6.14633514433538,6.40599310357908,-10.918151770791514,,0.05
AMZN,2024,10,0.35361524375332337,0.297566721812755,0.47106938065153603,2.8525450042288707,3.374919799902311,1.5172700329416946,1.5314350487172397,-2.2706229103627122,,0.043478260869565216
AMZN,2024,11,0.35361524375332337,0.297566721812755,0.47106938065153603,6.26217327296803,7.564856007009222,3.0148744976751614,3.0806509204321753,-5.786169580694323,,0.05
AMZN,2024,12,0.35361524375332337,0.297566721812755,0.47106938065153603,14.508092884644068,15.558965782933948,6.416527277913558,6.660853295675993,-14.508092884644068,,0.047619047619047616
AMZN,2025,1,0.35361524375332337,0.297566721812755,0.47106938065153603,9.21333796345998,11.708422925690805,3.945325714039394,4.073434599278007,-8.945569020440526,,0.05
AMZN,2025,2,0.35361524375332337,0.297566721812755,0.47106938065153603,11.51481419363142,14.490139129341301,5.278610181985443,5.0639208879713244,10.86321921838309,,0.05263157894736842
AMZN,2025,3,0.35361524375332337,0.297566721812755,0.47106938065153603,5.36356212128686,6.320685519638408,2.73782187586615,2.6896240108254856,4.512268429393082,,0.047619047619047616
AMZN,2025,4,0.35361524375332337,0.297566721812755,0.47106938065153603,11.751005025623858,13.7792708864651,6.665435233527299,6.3691022171538325,11.399652639514331,,0.047619047619047616
AMZN,2025,5,0.35361524375332337,0.297566721812755,0.47106938065153603,12.93609019690434,15.09504225262591,6.320548097776313,6.595563596306676,-11.86203231979564,,0.047619047619047616
AMZN,2025,6,0.35361524375332337,0.297566721812755,0.47106938065153603,6.611370397717517,8.001303280587493,3.0708927302817974,3.140601604938837,-6.502880213490668,,0.0625
AMZN,2025,7,0.35361524375332337,0.297566721812755,0.47106938065153603,3.5191630259507902,4.647106423564285,1.5325860818763253,1.5524693856757426,-3.1827068146886783,,0.045454545454545456
AMZN,2025,8,0.35361524375332337,0.297566721812755,0.47106938065153603,12.326311892188079,13.691622329165794,5.421895003983434,5.60756505092603,-12.074305508226706,,0.047619047619047616
AMZN,2025,9,0.35361524375332337,0.297566721812755,0.47106938065153603,5.716123773064825,6.838709252553887,2.4713785265344583,2.510822625726113,-4.35817185936175,,0.047619047619047616
AMZN,2025,10,0.35361524375332337,0.297566721812755,0.47106938065153603,5.316872748421906,7.753340626628795,2.3390981314774755,2.382976539501913,-2.785642632990033,,0.043478260869565216
AMZN,2025,11,0.35361524375332337,0.297566721812755,0.47106938065153603,18.831778353655164,22.079335853902773,8.219906560729177,7.771749478281015,18.831778353655164,,0.05263157894736842
AMZN,2025,12,0.35361524375332337,0.297566721812755,0.47106938065153603,0.29086259381840307,0.4113418249650024,0.12407755144199764,0.12423169508737697,-0.29086259381840307,,0.5
NFLX,2022,1,0.3550215954811454,0.42261677420944316,0.3559404987716834,11.27550255483899,13.867059184025985,26.743387911051364,21.89359159084207,11.27550255483899,,0.05
NFLX,2022,2,0.3550215954811454,0.42261677420944316,0.3559404987716834,5.661140212973039,5.949572815692998,14.350207109346352,13.286197589320947,5.661140212973039,,0.05263157894736842
NFLX,2022,3,0.3550215954811454,0.42261677420944316,0.3559404987716834,2.054440273295289,2.5783961335390826,5.8044743341366205,5.5433734704349655,2.0282874991322206,,0.043478260869565216
NFLX,2022,4,0.3550215954811454,0.42261677420944316,0.3559404987716834,8.265266513043873,11.20568994895419,37.82562940252057,27.40399962423491,8.02930334484942,,0.05
NFLX,2022,5,0.3550215954811454,0.42261677420944316,0.3559404987716834,1.476796276026497,1.7084846138759122,8.173650038893152,7.741043435378858,1.4320424097052205,,0.047619047619047616
NFLX,2022,6,0.3550215954811454,0.42261677420944316,0.3559404987716834,1.1127852904738225,1.3127156469991768,6.217840214800117,5.994597100363495,0.7239178771798448,,0.047619047619047616
NFLX,2022,7,0.3550215954811454,0.42261677420944316,0.3559404987716834,2.045448922515051,2.669271354906074,9.558502117392594,10.352756945157497,-1.8671394142736957,,0.05
NFLX,2022,8,0.3550215954811454,0.42261677420944316,0.3559404987716834,0.8432669151673033,1.098951841369147,3.523124938148607,3.6083429618874874,-0.516820627075559,,0.043478260869565216
NFLX,2022,9,0.3550215954811454,0.42261677420944316,0.3559404987716834,0.7107265949540736,0.8177649617647932,3.04409904678258,3.0657425752378336,-0.21576562739314822,,0.047619047619047616
NFLX,2022,10,0.3550215954811454,0.42261677420944316,0.3559404987716834,2.5953073435778693,3.4723982917044394,9.383266144260793,10.085284211107865,-1.9074573548758782,,0.047619047619047616
NFLX,2022,11,0.3550215954811454,0.42261677420944316,0.3559404987716834,1.2347311084021948,1.5756833798741317,4.45519849336262,4.376429148099178,0.3461026700651537,,0.047619047619047616
NFLX,2022,12,0.3550215954811454,0.42261677420944316,0.3559404987716834,1.6776461812576138,2.1141855907928715,5.75192756378846,5.498258109686581,1.5690337985762954,,0.047619047619047616
NFLX,2023,1,0.3550215954811454,0.42261677420944316,0.3559404987716834,4.013258148684215,4.560428567891824,11.624822791516099,12.538598511786953,-4.013258148684215,,0.05
NFLX,2023,2,0.3550215954811454,0.42261677420944316,0.3559404987716834,1.643034253281762,2.334913943784211,4.953970204232194,4.713554559172,1.533016130160798,,0.05263157894736842
NFLX,2023,3,0.3550215954811454,0.42261677420944316,0.3559404987716834,1.1787108132619017,1.509667905144146,3.737421796624743,3.755381763616504,-0.025729206741163132,,0.045454545454545456
NFLX,2023,4,0.3550215954811454,0.42261677420944316,0.3559404987716834,1.5680835976102099,1.8005752911088069,4.767099312474334,4.620639351799068,1.5680835976102099,,0.05263157894736842
NFLX,2023,5,0.3550215954811454,0.42261677420944316,0.3559404987716834,2.2612786002572753,3.045606704351413,6.167795230964397,6.512999221953966,-2.091282700468846,,0.045454545454545456
NFLX,2023,6,0.3550215954811454,0.42261677420944316,0.3559404987716834,2.0233060646866843,2.4241214441220515,4.7004406481309715,4.861517696812813,-1.930174870054646,,0.047619047619047616
NFLX,2023,7,0.3550215954811454,0.42261677420944316,0.3559404987716834,1.2014851951147107,1.63421376859618,2.7344979353503884,2.7137166440505336,0.4047951968505643,,0.05
NFLX,2023,8,0.3550215954811454,0.42261677420944316,0.3559404987716834,1.6277118680217917,2.0019173028586343,3.9128774274052027,3.7990034660421443,1.5905418692558542,,0.043478260869565216
NFLX,2023,9,0.3550215954811454,0.42261677420944316,0.3559404987716834,3.5109170675759658,4.246426452207165,9.04415499415436,8.479225336035846,3.267655495613453,,0.05
NFLX,2023,10,0.3550215954811454,0.42261677420944316,0.3559404987716834,1.831611666242709,2.1753408425853373,4.706972684498396,4.775022513360456,-0.6469707992579792,,0.045454545454545456
NFLX,2023,11,0.3550215954811454,0.42261677420944316,0.3559404987716834,3.4971656127876978,4.032349290292249,7.490804758359267,7.877084697873197,-3.4971656127876978,,0.047619047619047616
NFLX,2023,12,0.3550215954811454,0.42261677420944316,0.3559404987716834,1.2982575743911198,1.4637469003898629,2.7164933331483945,2.7401154762773294,-0.5224375932519166,,0.05
NFLX,2024,1,0.3550215954811454,0.42261677420944316,0.3559404987716834,3.9185961399288525,5.580707643317841,7.246305301488218,7.791273057401773,-3.9185961399288525,,0.047619047619047616
NFLX,2024,2,0.3550215954811454,0.42261677420944316,0.3559404987716834,1.4290721491470157,1.7592437703031345,2.4438275563961755,2.481001278118948,-0.8485626568300049,,0.05
NFLX,2024,3,0.3550215954811454,0.42261677420944316,0.3559404987716834,1.0490514451242714,1.3211847698967434,1.7282458177211926,1.7047907519649437,1.0294003871822053,,0.05
NFLX,2024,4,0.3550215954811454,0.42261677420944316,0.3559404987716834,2.3983844895605584,3.3476316396207957,4.206386588224616,4.050282642186647,1.6228437923494903,,0.045454545454545456
NFLX,2024,5,0.3550215954811454,0.42261677420944316,0.3559404987716834,6.5529606674396526,7.054202119850827,10.416682336753116,11.077283477316199,-6.5529606674396526,,0.045454545454545456
NFLX,2024,6,0.3550215954811454,0.42261677420944316,0.3559404987716834,2.96168311571242,3.4787923812198804,4.403993555661859,4.540474232738221,-2.925336600567381,,0.05263157894736842
NFLX,2024,7,0.3550215954811454,0.42261677420944316,0.3559404987716834,3.236091211658885,3.8407390230754785,5.0529106864975875,4.883509075027521,2.725593202802174,,0.045454545454545456
NFLX,2024,8,0.3550215954811454,0.42261677420944316,0.3559404987716834,3.6286815195459923,4.25192769631629,5.352875600821858,5.537043709662214,-3.018971362484722,,0.045454545454545456
NFLX,2024,9,0.3550215954811454,0.42261677420944316,0.3559404987716834,2.625169581554973,3.157105579373402,3.7233149406357096,3.8247491554856365,-2.549875256968371,,0.05
NFLX,2024,10,0.3550215954811454,0.42261677420944316,0.3559404987716834,3.0831316802862716,3.86838702299543,4.113069648522412,4.247256210044887,-2.9673706080306945,,0.043478260869565216
NFLX,2024,11,0.3550215954811454,0.42261677420944316,0.3559404987716834,7.90496542693342,9.201920386013628,9.19565212642973,9.795197109092209,-7.8992369113814345,,0.05
NFLX,2024,12,0.3550215954811454,0.42261677420944316,0.3559404987716834,1.5125550794414775,1.8191969120176044,1.646093461378735,1.660966001286196,-0.9972691692641265,,0.047619047619047616
NFLX,2025,1,0.3550215954811454,0.42261677420944316,0.3559404987716834,4.884512239604709,5.631885631044626,5.301007713395446,5.368913958132189,-1.1651560016496298,,0.05
NFLX,2025,2,0.3550215954811454,0.42261677420944316,0.3559404987716834,3.072242225539127,3.7744326898958698,2.992505211662767,3.0588434795730515,-2.839922073575947,,0.05263157894736842
NFLX,2025,3,0.3550215954811454,0.42261677420944316,0.3559404987716834,3.9099111233629222,5.033696248787453,4.286990014909127,4.139957596629805,3.535989752618386,,0.047619047619047616
NFLX,2025,4,0.3550215954811454,0.42261677420944316,0.3559404987716834,8.362347552816013,11.27323386695098,7.996412109336874,8.519759342232595,-6.610856869748399,,0.047619047619047616
NFLX,2025,5,0.3550215954811454,0.42261677420944316,0.3559404987716834,3.0989244220729053,3.772752520564723,2.6122858716576682,2.6606744633564516,-2.8458474228729833,,0.047619047619047616
NFLX,2025,6,0.3550215954811454,0.42261677420944316,0.3559404987716834,2.3515827461042367,3.597234796288013,1.8412754950252797,1.8787313654071751,-1.883599024320441,,0.0625
NFLX,2025,7,0.3550215954811454,0.42261677420944316,0.3559404987716834,7.159034855388792,8.919206996492658,5.990911517176983,5.7213722668224225,7.077436996120303,,0.047619047619047616
NFLX,2025,8,0.3550215954811454,0.42261677420944316,0.3559404987716834,3.5143621773498044,3.939460698276382,2.8838397048889512,2.9360910206124666,-3.3926786895283962,,0.047619047619047616
NFLX,2025,9,0.3550215954811454,0.42261677420944316,0.3559404987716834,1.8312822209849695,2.2509541944130445,1.4888298620951594,1.4980958363584627,-0.5314075417055735,,0.047619047619047616
NFLX,2025,10,0.3550215954811454,0.42261677420944316,0.3559404987716834,4.55398671194311,5.092050795330879,3.909321189018549,3.9128360399754327,-0.4254796689127172,,0.043478260869565216
NFLX,2025,11,0.3550215954811454,0.42261677420944316,0.3559404987716834,2.8046663851589986,3.6340854043025095,2.573548840649055,2.5527203841719994,0.6282923187687819,,0.05263157894736842
NFLX,2025,12,0.3550215954811454,0.42261677420944316,0.3559404987716834,0.1316916231039329,0.18624007944450793,0.12043129852909802,0.12057651038627729,-0.1316916231039329,,0.5
