ticker,year,month,window_size,mu,sigma,beta_sentiment,MAE,RMSE
WMT,2022,1,252,0.019516574012806598,0.16812304009647663,-0.16911342780878433,2.225386909862585,2.771048143968365
WMT,2022,2,252,0.01964739489937368,0.16847714071001907,-0.059666504043876585,1.5765123148021303,1.822627502458518
WMT,2022,3,252,0.04421891476709171,0.15748661100147313,0.058962607461223046,2.647200635470627,2.949574459989511
WMT,2022,4,252,0.10902355651484122,0.16066243242315623,-0.0738510016250902,0.9313538117727915,1.1438366130112476
WMT,2022,5,252,0.10484435362682334,0.16666915163895712,-0.040396370447666266,4.83885091418494,6.483289055537992
WMT,2022,6,252,-0.08130961846659981,0.2215254747110413,0.1827734223636129,0.770622363725632,0.9040576942602924
WMT,2022,7,252,-0.13314914531446181,0.22654834918135514,0.12161462879339986,2.2168897205836817,2.552174324882688
WMT,2022,8,252,-0.059155122778142916,0.24630751619942895,0.14433333900196466,1.7132695907127256,2.0085355937754783
WMT,2022,9,252,-0.10047463751737849,0.25606360871341877,0.046553222682925756,0.5371354031147045,0.6385848948584115
WMT,2022,10,252,-0.07180769792674957,0.2611694490895574,0.11530088235259539,1.831175381632613,2.505839225448692
WMT,2022,11,252,-0.03435124239580442,0.26515759550363593,-0.009062365523407534,1.7962266319069944,2.31172785499238
WMT,2022,12,252,0.0741344163813206,0.2736027052776258,0.04302948011444641,2.0163105441489972,2.2585501285368177
WMT,2023,1,252,0.0010254230873905368,0.27041490859561457,0.16594115469793289,1.5133950962935536,1.8012996336732727
WMT,2023,2,252,0.06492549602243174,0.27079317929908103,0.04630387356093677,0.6600042300161988,0.7837610730621271
WMT,2023,3,252,0.062447889290445605,0.26958595281298975,0.02486190326010638,0.7098670389916037,0.9761454134056055
WMT,2023,4,252,0.009216236825604754,0.2658548555060813,-0.0011381762126584372,0.6195649440656387,0.7255426457632236
WMT,2023,5,252,-0.020554645000416594,0.26147065013946735,-0.04427147215988106,0.7971155526047269,1.0702499527897231
WMT,2023,6,252,0.1611522220767854,0.21338276937510928,-0.11944499366756613,0.9400994494183441,1.078736533825601
WMT,2023,7,252,0.2582286111911708,0.20493932632229608,-0.09275489071382409,1.943803739501367,2.092442519892821
WMT,2023,8,252,0.24123110389657373,0.18561729857179263,-0.13952274283093222,1.0679501350234564,1.3642810606352418
WMT,2023,9,252,0.22011598189557685,0.16843172339070456,-0.07362393833151884,0.7777796880249752,1.0231083331478679
WMT,2023,10,252,0.19875359822235888,0.16231477287907062,-0.04202426369859187,0.6660810978580439,0.8263673200589026
WMT,2023,11,252,0.15204332635926487,0.1538023975806632,0.003907972158735477,1.7808258361355136,2.3362533711874365
WMT,2023,12,252,0.03281822713030643,0.16018986730906074,-0.02543715663066333,0.5294599027886232,0.6478659674948698
WMT,2024,1,252,0.12470038263693184,0.15778434365095664,-0.049452221203037605,0.4518636179937899,0.5333163863027902
WMT,2024,2,252,0.1657144039147298,0.1537284922041127,-0.02586705742485849,0.8452612613369311,1.230373128929279
WMT,2024,3,252,0.22791303511479505,0.15384096532126626,-0.05916039408269531,0.9600381266569208,1.0919106780158914
WMT,2024,4,252,0.24313216791701092,0.1524951828866777,-0.03372274790354562,1.0890494774562045,1.2491226642356894
WMT,2024,5,252,0.17943057665218037,0.15401585774515184,-0.01807849037075846,3.095644764828809,3.803854716912801
WMT,2024,6,252,0.30918751029342556,0.1684505022279386,0.04921403310853153,1.0357623200728385,1.1889081891291742
WMT,2024,7,252,0.28240547691301066,0.17121782296915494,0.08764853062429498,2.0264591644031027,2.190324039148027
WMT,2024,8,252,0.2673006404917171,0.17103866490206032,0.0860825648263439,3.781260542528031,4.392257490834569
WMT,2024,9,252,0.3761633003308718,0.18294496298298624,-0.010254475141728647,0.8708828761066328,1.1171105471901015
WMT,2024,10,252,0.412455183742403,0.18745358030407158,-0.0821885339491889,2.482207661749767,2.6854232187404192
WMT,2024,11,252,0.4218681917467211,0.18787818866820105,-0.19835505929970002,1.4038851636875074,2.0305881318041106
WMT,2024,12,252,0.588861245814345,0.1708888361023185,-0.06560618005740912,2.4974125461802736,3.5185065911044044
WMT,2025,1,252,0.5538407346317452,0.1750887299593172,-0.1110419389981724,1.1103641817601222,1.4206744326745826
WMT,2025,2,252,0.5876112706705229,0.17689816411617168,-0.12205738592987554,3.9822883175900294,5.447781531353529
WMT,2025,3,252,0.5155998581880817,0.1969596372149647,0.062267033303495686,10.61183480879693,11.565110912441149
WMT,2025,4,252,0.37993186294292625,0.21592029471540883,-0.13145598544358597,1.9131724543966062,3.001337897591705
WMT,2025,5,252,0.49153442972978056,0.24695472592128972,-0.07211935098100662,2.6034729437031907,3.0109190575474036
WMT,2025,6,252,0.42750168418530093,0.23901435861985895,-0.10835425320880479,3.5040599111427198,4.333822183108703
WMT,2025,7,252,0.3575267841946697,0.2389139027055526,-0.1480726643611247,3.877169631238771,4.264844494804415
WMT,2025,8,252,0.31795263157765674,0.23848974196273792,-0.19237070603369505,3.8229282364963435,4.991696266332383
WMT,2025,9,252,0.31785638646514847,0.24553772683186972,-0.23191168718033575,1.682756521823847,1.907606263170675
WMT,2025,10,252,0.23814529400915913,0.23968206645405019,-0.05282344811767907,1.875642466117338,2.3435011453547725
WMT,2025,11,252,0.20151060689670505,0.24284084255645963,-0.1957499134024922,1.6388400953629476,2.175574367227608
WMT,2025,12,252,0.23471121282025212,0.2525274107737789,-0.16206125798578533,0.23440948851606436,0.3315050778083585
NVDA,2022,1,252,0.6838663543260171,0.4454441490187432,0.7460949363832287,6.115711805098771,7.013940608884484
NVDA,2022,2,252,0.4769483538350101,0.46034758467198544,0.5103556339581843,0.9797727443734333,1.1886212641718856
NVDA,2022,3,252,0.39648035198918896,0.4876157301248552,0.5535937875101272,2.813331562348184,3.653003508499748
NVDA,2022,4,252,0.674745553368109,0.49581240856744274,-0.0029250136535864417,5.186846844838099,5.918935164294775
NVDA,2022,5,252,0.079997248433821,0.5146992395015487,-0.11018099671590496,1.8215925708491252,2.0845620639357034
NVDA,2022,6,252,0.08473827500978903,0.5517104471277462,-0.2253359488634411,1.401742900675338,1.6261439680298146
NVDA,2022,7,252,-0.3231175448700492,0.5737099286358294,-0.5527458011112696,2.1640837340305743,2.5535350810397195
NVDA,2022,8,252,-0.09685465611029875,0.5823627216621658,-0.4907338153236133,0.9846138244500987,1.3207064490001021
NVDA,2022,9,252,-0.4390276802420819,0.5979040868984873,-0.6881113233673305,0.6762380503805218,0.7751482583878516
NVDA,2022,10,252,-0.656006278368735,0.6142077619472058,-0.6964309098745484,0.707742515590645,0.8519861267315627
NVDA,2022,11,252,-0.583617771511705,0.6288148834056393,-0.44864061559456464,2.073463152961935,2.4151616113863668
NVDA,2022,12,252,-0.6754827987243021,0.6361330779451202,-0.531030277216064,0.6928611378850436,0.8695024795486517
NVDA,2023,1,252,-0.6831347219982925,0.6262304497283772,-0.5859885636488668,3.3876942804288626,4.029944046425944
NVDA,2023,2,252,-0.3220913658507374,0.6359105760561423,-0.5826237527598737,1.7115415538698708,2.0688326076662347
NVDA,2023,3,252,-0.1567839840719223,0.6361775587198087,-0.5638113369802671,2.6132474696881363,3.1749894817627156
NVDA,2023,4,252,-0.0027812538631346584,0.6106819380322717,-0.7531793819349228,0.5046012031504675,0.6132967958204288
NVDA,2023,5,252,0.21484671333774763,0.5919615212819236,-0.4649683548649386,2.937624870433153,4.841910401167373
NVDA,2023,6,252,0.7790571049028221,0.5956548874440534,-0.24222100057401239,1.3117754515037645,1.574652696407363
NVDA,2023,7,252,0.9237038689530905,0.5753446591973911,0.30954423755426075,1.0020322099456547,1.3495563564234196
NVDA,2023,8,252,0.9484734914794432,0.563214987918637,0.5176842052219116,3.9483395669409247,4.324701586036622
NVDA,2023,9,252,1.0112856727996522,0.5605104979722021,0.49106659345688664,6.940009814205889,7.912424197975132
NVDA,2023,10,252,1.2432885059481478,0.5333704873251346,-0.08913029855322617,3.5905956741117184,4.797413336959574
NVDA,2023,11,252,1.1209226360642326,0.521822705847443,-0.6555132446729572,4.00909567712698,4.352315976986937
NVDA,2023,12,252,1.0382893235044515,0.49377783972820444,-0.39028771886118174,0.5897495604465594,0.7861480406884322
NVDA,2024,1,252,1.2282476134349376,0.46675784869790965,0.40655486048830725,5.0763125540437795,5.785894173931517
NVDA,2024,2,252,1.0791522902204844,0.4534134003976691,1.1137412339854649,3.5041165838363204,3.780071040366614
NVDA,2024,3,252,1.187315613184862,0.4462157434292153,0.8502648179656048,2.446492391156712,3.2821841928764446
NVDA,2024,4,252,1.2303353411448321,0.4539689714081343,0.7594746046868796,14.030883732222003,16.214672701319248
NVDA,2024,5,252,1.1361318188451448,0.47793086353482783,-0.08507210462174647,9.519703553335818,11.857770973744499
NVDA,2024,6,252,1.0642509532475302,0.43599543549816977,0.1733069331607677,5.244429224764751,6.52491571629789
NVDA,2024,7,252,1.100442557524347,0.44513401310533657,0.14737012304172212,10.306512598679351,14.042360524079635
NVDA,2024,8,252,0.9182791363283618,0.48214735906619793,0.7376837133490259,6.527551533167707,7.318660301169239
NVDA,2024,9,252,0.8853337128991814,0.496359965026006,0.849541494302261,3.46717982811464,4.311993449719823
NVDA,2024,10,252,1.0364551780960907,0.5140343716071688,0.29429369827913265,9.437763542138024,10.4805755670117
NVDA,2024,11,252,1.1806538483384421,0.513155709920496,0.46822458043345705,6.02192316548272,7.701725016725783
NVDA,2024,12,252,1.0552527185438991,0.5181836651819111,0.6732988564741299,11.720227819754347,13.618425390014414
NVDA,2025,1,252,0.9978681799252045,0.5206462038962865,0.35173096114261354,10.720045846965627,14.680210989189135
NVDA,2025,2,252,0.6488174424464228,0.568718602748307,0.7826981733993956,10.288107236002936,12.031817707738744
NVDA,2025,3,252,0.46230112203756124,0.5578158067067367,0.5952425191590872,4.004752745727247,4.82470560813541
NVDA,2025,4,252,0.18338849306405386,0.5679539435101673,0.18499519060759473,6.054510945183944,8.14482603211056
NVDA,2025,5,252,0.2166211660784752,0.5970221254850776,0.3550009394178918,15.306902136756166,17.758940128406135
NVDA,2025,6,252,0.17123623139172509,0.5898999794746963,-0.9106412039922097,6.724486932238614,8.784490333533771
NVDA,2025,7,252,0.127539559576693,0.5850126559587674,-0.9584501167033543,13.087231947152066,15.116258312825153
NVDA,2025,8,252,0.25064607615250034,0.570232050817343,-0.954087901114438,4.865619426117005,5.75562019827907
NVDA,2025,9,252,0.3303480009277737,0.5230430086929058,-0.6636858888327904,5.0354319091122095,6.235820885422578
NVDA,2025,10,252,0.3735867291756657,0.498227172546407,-0.4544338733884907,6.240927644390394,8.708726364029204
NVDA,2025,11,252,0.3559494252070942,0.4966161597045054,-0.42578237837380184,18.81916416809988,20.561495033890495
NVDA,2025,12,252,0.12265046707647159,0.5014345402960112,-0.7137383856078562,0.8643980140404466,1.2224433947443687
AMD,2022,1,252,0.45048715689033936,0.423363085814979,-0.3233932319574582,30.708331976269296,35.45126588595628
AMD,2022,2,252,0.26492329300736334,0.4456617051130181,-0.1501660287326866,5.38482359550604,6.500396655515918
AMD,2022,3,252,0.35607281856645123,0.47377389916234064,-0.012684350186575809,4.887690867330315,6.09395448802821
AMD,2022,4,252,0.2989026561785748,0.49575530181341265,0.04345715459811298,13.422044237855223,15.486784995900608
AMD,2022,5,252,0.046675863835084874,0.5052749402368945,-0.13219831057006196,4.482263829934041,5.502517698638074
AMD,2022,6,252,0.23149863741485077,0.5482405277298066,-0.22211887089434218,14.410718574105534,17.02694691125732
AMD,2022,7,252,-0.2056513042360969,0.570640614294628,-0.8005722353714374,6.854053360411352,8.346535459317579
AMD,2022,8,252,-0.08596106712805332,0.5752287669254467,-0.6127153171833963,5.49449703996916,7.609154950057808
AMD,2022,9,252,-0.26588379655068556,0.5792671356383009,-0.9586766306140883,9.569570468424157,12.0273204321202
AMD,2022,10,252,-0.48492490052951454,0.5930176642806346,-1.1455819636150701,10.644874011125765,11.802680318135005
AMD,2022,11,252,-0.6940625174872463,0.6176301089346029,-1.1262415532750334,8.599729843881821,10.18971299295429
AMD,2022,12,252,-0.7129801216347899,0.6245790443074924,-0.6764929518440416,9.834844785001101,10.683511442620043
AMD,2023,1,252,-0.8069251670546272,0.6120493218901963,-0.8049128841904648,4.767329827068406,5.634611088945246
AMD,2023,2,252,-0.33675729937000964,0.608883737210056,-1.713102467059659,8.343373500993366,10.083171168978076
AMD,2023,3,252,-0.4321690328645259,0.5957854357244535,-1.2996175088633939,12.097810965230314,14.283676963735504
AMD,2023,4,252,-0.25627670707890404,0.5808249083457135,-0.728956220467409,8.173189628843476,9.27804362098163
AMD,2023,5,252,0.020959515133233075,0.564542194868532,-0.5791980414546216,10.830518270398999,14.036854071753027
AMD,2023,6,252,0.15257760427132816,0.5509232172396399,-0.38169451628938317,7.061280968481284,8.967600732519948
AMD,2023,7,252,0.31638561207235016,0.5357864081484311,-0.1921692882219351,4.543585964701458,5.574155028215452
AMD,2023,8,252,0.21459974005704185,0.5259177799815179,-0.18494520378097806,11.747708364681486,13.182470119440106
AMD,2023,9,252,0.15061088617951932,0.5263937239635015,0.5097820414912845,4.874559891544498,6.000056557298724
AMD,2023,10,252,0.3984595036757315,0.5155124994352394,0.6877112683909942,2.553318713280437,3.205360864470726
AMD,2023,11,252,0.4920281896691633,0.4905752385407611,0.7461747837538393,10.309391400667945,11.521614114412307
AMD,2023,12,252,0.47675949544939566,0.46640009341860245,0.7711016900144076,16.006080400943382,18.26276563232038
AMD,2024,1,252,0.8185128665435268,0.4628964013459443,0.5039920604408443,18.705068378136428,22.818100060302104
AMD,2024,2,252,0.7720160681022293,0.4714159628661305,0.7990045927036206,6.736042918008332,9.075083346757088
AMD,2024,3,252,0.8664261203377872,0.4680573219184076,0.7553829032939824,13.45790298190912,16.33193924069726
AMD,2024,4,252,0.6464408771716906,0.4667701232748742,0.04595801214541334,25.488364392399898,28.48648354651845
AMD,2024,5,252,0.5722121534859873,0.48134295623477436,0.10300047833540814,11.469138974543801,12.925756577161875
AMD,2024,6,252,0.3449320980805298,0.45857608392509125,0.9017382944262582,3.140736222296988,3.7821617037127795
AMD,2024,7,252,0.386867222720285,0.4482935956109471,0.591618337036665,12.686965191234309,15.838987120628875
AMD,2024,8,252,0.2334399678135777,0.4727793917469759,0.9648791224780704,19.09703969275759,22.999053820253327
AMD,2024,9,252,0.33199923626656735,0.4724981326454896,0.024279648157990583,12.972030102700842,15.402480947383408
AMD,2024,10,252,0.46795793189342405,0.48080634849489656,0.29827970986008034,7.284143138245087,8.537361648611139
AMD,2024,11,252,0.38024279523325283,0.4941425367185501,-0.3618223138176826,5.9571724767056295,6.972221826482514
AMD,2024,12,252,0.10222273506488105,0.4860129871874063,-0.49170634265753077,16.450338156067783,18.928796976371327
AMD,2025,1,252,-0.19916433670552328,0.48105361954110004,-0.3066043130175338,3.534297698738842,4.340322928250701
AMD,2025,2,252,-0.39468420162199214,0.4698298823516837,-0.40843924686629823,4.666448306084502,6.504797409767203
AMD,2025,3,252,-0.5780143391075512,0.46159316368304076,-0.40236377012222796,5.405502809415986,7.147275842803606
AMD,2025,4,252,-0.5584749503926132,0.45823771546510494,0.1252417479144732,8.398248227895792,10.478181010449237
AMD,2025,5,252,-0.48047758106214766,0.5282415174940482,0.5912062110530594,17.896068661874086,20.15253970506296
AMD,2025,6,252,-0.43812962794442833,0.5228914599478763,0.12651439924110452,14.021989520442183,17.844296497240173
AMD,2025,7,252,-0.12251696799127909,0.5332756733137208,0.06929222577304188,20.163520358128576,25.128882121756874
AMD,2025,8,252,0.229768351375309,0.5198488446365531,-0.24001718111540638,7.029425438154406,8.84064585562014
AMD,2025,9,252,0.08000463678991049,0.5162635882555542,-0.008724682807831436,3.348306122014259,4.645313036297951
AMD,2025,10,252,-0.002325067596178565,0.5057989903593554,-0.21035632766269774,60.884030912093756,66.55022640689049
AMD,2025,11,252,0.4700679735000236,0.574070859360834,-0.3032825800685552,36.735669717486,43.50730087082884
AMD,2025,12,252,0.45164560274683896,0.5880404894168371,-0.17326296741311867,2.7986436371080003,3.9578797878473004
KO,2022,1,252,0.12849662231672057,0.1536923752636666,-0.12044208173915677,0.42033666040593015,0.492785391313356
KO,2022,2,252,0.227724149493173,0.1414044617018799,-0.08086028629199159,0.6246853367997843,0.7700699217741742
KO,2022,3,252,0.25891105660765745,0.146641165469144,-0.09596196767136927,1.9400707120312441,2.3163327119837507
KO,2022,4,252,0.2180065228390438,0.14926087777293615,-0.05431441228706378,1.3489945650575357,1.5872572175782402
KO,2022,5,252,0.21966630243206514,0.1519132207345343,-0.017277158453357897,1.0340185478933928,1.3936008122879526
KO,2022,6,252,0.23466995443377572,0.16271702534865037,-0.032431374394516606,1.4449134390862572,1.862979680425724
KO,2022,7,252,0.17381037768446045,0.16868267763909203,-0.021389694847697403,1.840804617876508,2.019623606652546
KO,2022,8,252,0.21515687004521042,0.1718967463158193,-0.030458218941107933,1.189508869594899,1.4717217280103327
KO,2022,9,252,0.11758252637069627,0.17355158484388156,-0.047733409482780306,1.969552161077549,2.5875250491997814
KO,2022,10,252,0.08853210217989521,0.1788828794299002,-0.048309803770576386,1.3923680023260938,1.66992086105334
KO,2022,11,252,0.18110932626668236,0.18731849731574815,-0.039313103737392045,1.227071968588336,1.5279851415764716
KO,2022,12,252,0.18284647049267716,0.18841171258838307,-0.055722491728853414,0.39627444166371567,0.5228378027355252
KO,2023,1,252,0.19927051819538022,0.1822922245289393,-0.0037691823396533383,1.8729322915051365,2.149680023350743
KO,2023,2,252,0.0846709730831591,0.1786167167443849,-0.015952575997635797,1.4514778987971582,1.5322939755563891
KO,2023,3,252,0.050767069863919136,0.18016666309713297,-0.014143088509572743,1.4982635641573794,1.7685979964444727
KO,2023,4,252,0.0548545702499366,0.1727360162930144,-0.0172007055753463,0.787147933929112,0.938270776792112
KO,2023,5,252,0.08572859231507102,0.1626425157524002,-0.001095052117219862,1.7708871706065736,2.3335563179842302
KO,2023,6,252,-0.025491191166859842,0.1591271159720185,-0.04309587686908588,1.219012547230912,1.432241537218346
KO,2023,7,252,-0.06234058827180948,0.1488743803269509,0.03421217417633266,1.0304771321753807,1.2768620396066717
KO,2023,8,252,-0.015880785099604784,0.14283438594439626,-0.024717631915892362,0.8656525505846316,0.9566256977912531
KO,2023,9,252,-0.06038643687977824,0.1390435933511951,-0.09060934656332269,0.5649406551452856,0.7487346329646339
KO,2023,10,252,-0.07322969765330659,0.13710726809386978,-0.14206618182535624,1.1493671023346068,1.3536977846691027
KO,2023,11,252,0.03147570190013338,0.14331325834207392,-0.17582600881698462,0.823709281419952,1.0636271031185456
KO,2023,12,252,-0.0330298688872393,0.1313801534669676,-0.18312006130399155,1.4371059793325731,1.6605947790601274
KO,2024,1,252,-0.07405566696193289,0.12914888465054367,-0.0627496880849462,0.3915467489787143,0.4679117901136818
KO,2024,2,252,-0.020543248475072964,0.12775728436805744,-0.11253156903948894,0.7299070998476898,0.8490418280084395
KO,2024,3,252,0.004919795218075793,0.12870311311372606,-0.11922714881079355,1.2251019817247066,1.4767652511098697
KO,2024,4,252,0.017603199030229083,0.12698944678986454,-0.11565947048114106,1.1237347979824683,1.281602015790105
KO,2024,5,252,-0.01255038541012593,0.13143649984540337,-0.1430217344126957,1.0429091507312036,1.1725899213742015
KO,2024,6,252,0.055251665468712234,0.13059881075591262,-0.23810579073469088,0.638033737787779,0.8156688507583082
KO,2024,7,252,0.05096303456899008,0.13022386168764236,-0.17590584651547028,1.8646645855431776,2.532057773325132
KO,2024,8,252,0.09192169170130574,0.1312561726692172,-0.09465031927082233,1.5398828782278344,2.0212681572648017
KO,2024,9,252,0.20739378471213232,0.133759171285927,-0.14005310516614725,1.745871055565577,1.853388902871619
KO,2024,10,252,0.26673377421489564,0.1341377604573282,0.013378769483244454,3.530104042019786,4.146876005929574
KO,2024,11,252,0.1942432571971498,0.12219966608983344,0.10697282559059755,2.0434744635738307,2.314297920277325
KO,2024,12,252,0.13499623731368882,0.12568646321894286,0.19508381552283613,2.2082861259958078,2.492356256519949
KO,2025,1,252,0.09535420194211781,0.12768210779582728,0.190307522469562,0.5108750057448105,0.6276637345558521
KO,2025,2,252,0.10894668186115851,0.13451137397909993,0.14808552097934216,4.425327181566069,5.290311338309903
KO,2025,3,252,0.18271193863693058,0.1432969822161803,-0.04639151724687022,2.313565903124002,2.5028249174826964
KO,2025,4,252,0.18572227469433944,0.15026123136627323,-0.011253037088002954,1.0694483552599887,1.4800425894330047
KO,2025,5,252,0.19614716264291682,0.16243341642375794,0.09963289996386729,0.7791085787446419,1.0837657270271093
KO,2025,6,252,0.15174529375396323,0.16903437437755878,0.1278082084407615,0.742472075187132,0.8480358898283604
KO,2025,7,252,0.12564798779412234,0.16822459162342845,0.10304062962860236,2.1169838073354463,2.4459303814621585
KO,2025,8,252,0.08675714581403526,0.17102211200667058,0.06487853222364955,0.7874337493855124,0.9241412947318725
KO,2025,9,252,0.014782483172091188,0.168484430670492,0.0073615965164451095,1.6839483974534688,1.8397511863467821
KO,2025,10,252,-0.061487963555115085,0.16737848092367583,-0.03152781188589751,1.7684739428258947,2.3350655331949555
KO,2025,11,252,-0.0017959724826853516,0.17397530462275768,-0.06493013753629902,3.223478051818747,3.6429614537747588
KO,2025,12,252,0.1182833076407934,0.17454890876649753,-0.0714138373146491,0.6440531867062163,0.9108287515295422
JNJ,2022,1,252,0.11974411743401153,0.14540180927419902,-0.20192733558944792,3.076009407017752,3.8603187248146056
JNJ,2022,2,252,0.04978738998429112,0.14638971301260723,-0.06876703778726602,3.9397205162408064,5.335405977396604
JNJ,2022,3,252,0.030585719668110578,0.1490243158353354,-0.05218499626895204,7.007116049107494,7.646329579722179
JNJ,2022,4,252,0.1315429819066776,0.14934750173263028,-0.21529408170405412,2.0509598395097814,2.5655114153588015
JNJ,2022,5,252,0.10464677307394105,0.1550562195199919,-0.24144823439632246,2.1365026109112715,2.7337613953890996
JNJ,2022,6,252,0.0663440145252045,0.15666655213186093,-0.22936595531484757,4.471374942614638,5.634735064272838
JNJ,2022,7,252,0.11687367058857609,0.16134455381590285,-0.16210343714387293,3.423262599944001,4.293877023660249
JNJ,2022,8,252,0.08651452360845882,0.1607380319313047,-0.19672195486709182,7.394467548748994,8.301523124330354
JNJ,2022,9,252,-0.01835213395855307,0.16391739336736905,-0.15569910531098796,1.678218533494876,2.091369629436334
JNJ,2022,10,252,-0.0016652075028199438,0.1706733323233841,-0.15000497628497153,3.2561580027664174,4.197739689091125
JNJ,2022,11,252,0.13181201289932268,0.17400570135447924,-0.12656531620754202,1.6211286272807541,1.9603024016160628
JNJ,2022,12,252,0.183996828740286,0.17279327007722556,-0.06450312135236551,1.932587307405683,2.288963772122574
JNJ,2023,1,252,0.16848345721805796,0.17308970604428156,-0.08021609600061046,7.701134747058961,9.22055799927112
JNJ,2023,2,252,0.10745330508947147,0.17371887404383796,-0.10402947331635609,5.201970635620798,6.327485708462573
JNJ,2023,3,252,0.02841249880761888,0.17298374871417302,-0.08088920619604445,0.8995223911417938,1.1327174970020764
JNJ,2023,4,252,0.028606795306472303,0.1707912284150674,-0.14054152449897017,3.8054021422541413,4.363096868662071
JNJ,2023,5,252,0.0841918080897387,0.17024557990521635,-0.13073778826987395,5.162123318558784,6.176932184715957
JNJ,2023,6,252,-0.008848563292561437,0.1647946111849904,-0.07025955634665533,6.221063883499879,6.76784903763618
JNJ,2023,7,252,0.062230208029501466,0.15621192566571881,-0.0490091978404801,4.386588170487181,4.850322587515347
JNJ,2023,8,252,0.10667072589004994,0.16862755602128002,-0.2697056170168444,3.5509830778816616,5.088872959674429
JNJ,2023,9,252,0.057358544417426424,0.16893588827591158,-0.33916596338352745,3.014518644858865,4.264491962295895
JNJ,2023,10,252,0.03250531526340813,0.16889726811087835,-0.36859261456335696,5.327047419474824,7.215750671329694
JNJ,2023,11,252,-0.01610811616235304,0.16512191507237894,-0.3612760707090588,1.9389485552273602,2.1944349691773084
JNJ,2023,12,252,-0.00802962716655813,0.16196067172542272,-0.4287016242723464,9.07328244582972,10.217377551489196
JNJ,2024,1,252,-0.06359168922024891,0.16265114176937676,-0.4774737884639305,2.211250967084092,2.8583592363161348
JNJ,2024,2,252,-0.07203607416363861,0.16168468711356904,-0.5151860579235069,3.9153363086627038,4.225223921579877
JNJ,2024,3,252,0.021868619994389535,0.15878628087089808,-0.5548270364859317,9.340413162000736,10.597906147665148
JNJ,2024,4,252,0.04412134904378745,0.15628239740750546,-0.46465507383356014,11.303075239746388,12.857107691505053
JNJ,2024,5,252,-0.11491690285562053,0.15085079555479317,-0.5072823396505094,4.702870243520718,5.873371038722321
JNJ,2024,6,252,-0.053165776909323434,0.161979715176573,-0.6138153493263304,9.422721450645762,10.710305953778215
JNJ,2024,7,252,-0.11226704723234102,0.16121651116275024,-0.5901661198749041,2.163884229283748,2.529565719098816
JNJ,2024,8,252,-0.09165251928515834,0.15932926433977865,-0.4670327548162425,5.930118122710287,6.562100408424788
JNJ,2024,9,252,-0.011180810476234843,0.15299649164621137,-0.15865450468534031,3.5822124821881873,4.46210235757828
JNJ,2024,10,252,-0.014857817514336506,0.15153108594289816,-0.2222345011664094,2.2265036663411424,2.7879118874637143
JNJ,2024,11,252,0.022473228374125347,0.1509081754850686,-0.22854331877498127,5.162371222021276,5.5885743982565455
JNJ,2024,12,252,0.02150017354323696,0.1495086608393296,-0.1636798159210177,8.222504642344694,8.885334882766674
JNJ,2025,1,252,-0.08063582825425047,0.14956576999948518,-0.22356530839667885,2.27812081583579,3.2309602224215705
JNJ,2025,2,252,-0.07790248806092391,0.1596354670865369,-0.16965338769026397,5.577654657431989,7.2969271851514375
JNJ,2025,3,252,0.06154894564194855,0.16237636683924683,-0.03631659202850836,3.98405227744086,4.498324603994817
JNJ,2025,4,252,0.04924089472355281,0.16366727220898916,-0.050130948221063204,1.778556194597382,2.471354372572347
JNJ,2025,5,252,0.03644144183038908,0.19104434457851005,0.031580797902195784,1.6293535342858683,2.5452330036061444
JNJ,2025,6,252,0.030058737058082645,0.18899385095278162,0.08215153700261392,1.0166593593022668,1.2769224995453579
JNJ,2025,7,252,0.02239083237200138,0.18882746085198607,0.08806013687971395,6.941707786757351,8.799329371899669
JNJ,2025,8,252,0.10106964903308586,0.1964735992821571,0.327872406748428,11.47364436984682,12.81695712091716
JNJ,2025,9,252,0.13920010016824638,0.19419323111858233,0.2614535720146949,2.1358923711168583,3.4310783173250488
JNJ,2025,10,252,0.15647107571407662,0.18990117381491675,0.26034598885594473,7.119483403160382,7.94381285611507
JNJ,2025,11,252,0.17818259347939164,0.18898638124692307,0.26945843228127836,11.87041863381068,14.869242242424827
JNJ,2025,12,252,0.2576981287373858,0.1920457764297968,0.20578527519802503,0.059877820581618835,0.0846800259518682
MSFT,2022,1,252,0.421842647371678,0.21019502925134614,-0.04869283116089224,30.294519618304243,33.11303626086337
MSFT,2022,2,252,0.2688964633506238,0.2125132013573619,-0.09415979602364272,12.190613882090352,14.591673143279998
MSFT,2022,3,252,0.24004643060778627,0.22754747212884519,-0.11764281508068274,7.906709489669904,10.100414811514069
MSFT,2022,4,252,0.24883526245121831,0.23457735533131274,-0.1703167250950129,23.417863971906613,26.45345944197994
MSFT,2022,5,252,0.10386233059481725,0.2551472765690319,-0.22415410954404474,17.821560173013744,19.986995548901675
MSFT,2022,6,252,0.10244994542000757,0.2709538115260099,-0.15868392914210175,14.142135249762516,17.14591399623571
MSFT,2022,7,252,-0.04520284942090225,0.2868201257473625,-0.07056157459235277,6.188982933849106,8.163869475778226
MSFT,2022,8,252,-0.012176936658770648,0.30027096170245143,0.16839482557237237,6.770806707563558,8.242832524153307
MSFT,2022,9,252,-0.13536985303384158,0.30534542017724847,0.6132727430480485,13.575975512269181,15.83112949073587
MSFT,2022,10,252,-0.18267413009392033,0.3113828399981962,0.7004760706471344,7.77130813601773,8.715784860166552
MSFT,2022,11,252,-0.34835187890857,0.33316204531353305,1.4143775718466638,19.32929959119292,22.60606492034913
MSFT,2022,12,252,-0.24973982206524217,0.35359679536411526,1.1277436665399427,4.812365932525957,5.625677060734193
MSFT,2023,1,252,-0.33772845929186535,0.35259230373489076,1.015894537911452,8.697141145221169,10.757251324298899
MSFT,2023,2,252,-0.20895492591576525,0.35359046932951577,0.8947619391644709,15.068613071526988,16.27067443025176
MSFT,2023,3,252,-0.16587463057863383,0.3522911417140951,0.861705163513596,26.84732140750485,31.963641019544728
MSFT,2023,4,252,-0.07518293289578853,0.3485789527476239,0.6408110240446876,6.047465811582487,9.58769675198058
MSFT,2023,5,252,0.09123283314312508,0.3455847478570633,0.7108581381931441,9.164100670580115,12.259162086079076
MSFT,2023,6,252,0.19347109996833423,0.3293061076021065,0.8869315859565023,5.4134892470108245,6.576575619078776
MSFT,2023,7,252,0.27847125812263573,0.32034530684637735,0.9548193769171508,9.368279048527146,11.72622664463761
MSFT,2023,8,252,0.20460757623298015,0.31531232046622276,0.9745473242877472,11.042901547905718,12.25301944713753
MSFT,2023,9,252,0.22985607572069683,0.31094427222016446,0.4509830347921967,7.58728633919292,9.407702299695309
MSFT,2023,10,252,0.2794779149996637,0.30517658953452714,0.6076092063976878,8.091818944314992,9.02770334021161
MSFT,2023,11,252,0.3697050160543592,0.2811932119474513,0.592377904755283,11.634653274411502,12.712894541366383
MSFT,2023,12,252,0.4641135039042762,0.26327502096618893,0.666090673927086,11.735110063379315,12.792759127372383
MSFT,2024,1,252,0.48093998588994497,0.24999591880030334,0.5806830363140411,10.080870531779423,11.833302100163936
MSFT,2024,2,252,0.50235670941386,0.23762255039858043,0.5445113748499838,6.1952745018624,7.224779810663325
MSFT,2024,3,252,0.5140317210368408,0.22572461633130078,0.4767858411861292,8.222162929364293,10.070016243967173
MSFT,2024,4,252,0.4325340471194312,0.22101140355962576,0.3524331363106512,19.982240201243595,25.181757917642788
MSFT,2024,5,252,0.2449068288522494,0.20985810119336148,0.16488829133888347,16.14854585017832,17.878276252807257
MSFT,2024,6,252,0.24218199842090732,0.20885804526243013,0.2004562919234577,20.566343259432106,23.069522755044797
MSFT,2024,7,252,0.29357416182465196,0.20124880868224954,0.1903642052078488,17.622837728065278,22.675601596078913
MSFT,2024,8,252,0.22723744483695982,0.19746517567014307,0.29655386867403727,7.0051633539177764,9.247763897769381
MSFT,2024,9,252,0.24548060590450538,0.19880109729044862,0.4713113399605017,9.706049435192549,11.06512203193763
MSFT,2024,10,252,0.3237147122798198,0.1977685312395044,0.4440707000685251,13.282608747059168,14.832564792076555
MSFT,2024,11,252,0.19132165472193113,0.1982593914239599,0.49691366323839187,6.317336838353162,7.225089114574996
MSFT,2024,12,252,0.11876875309928758,0.1967994912361698,0.36990872322010193,10.253855224045733,12.43252527308203
MSFT,2025,1,252,0.12157436615474099,0.20067609585158316,0.17443119719857583,8.592679442473393,11.063557387864973
MSFT,2025,2,252,0.023161191665012196,0.21726973237768743,0.14494257616054784,5.3494732181352385,8.022514992472114
MSFT,2025,3,252,-0.01847521174409627,0.21320724977972783,0.16143627938206936,5.4208856573297854,7.102321792126605
MSFT,2025,4,252,-0.10808258072981572,0.21694583669858994,0.2064468025701759,11.320069510182929,13.724986090846464
MSFT,2025,5,252,-0.019991573314947254,0.2468303456141664,0.2527591846154838,22.187581091014316,24.694980699459375
MSFT,2025,6,252,0.07511739362457368,0.25606711488429923,0.17294530258693444,9.425017917019973,12.106623665951867
MSFT,2025,7,252,0.09010856546519785,0.2526905378276338,0.14376104795076033,12.294736419140234,14.830724010302825
MSFT,2025,8,252,0.14115358261692595,0.252759538619247,0.008885675684080963,12.193899996181921,15.171747054551082
MSFT,2025,9,252,0.16666633507109557,0.24673262881129304,-0.04838579759788953,4.097768729798109,5.368998484791198
MSFT,2025,10,252,0.15443888337491357,0.24535919068431025,-0.04266848693043779,6.42758470712203,7.894586373211028
MSFT,2025,11,252,0.1883512259771846,0.24742207744757977,-0.03355560937182962,22.770148584984845,27.12050421991983
MSFT,2025,12,252,0.12264237203608645,0.24285660095013872,-0.10405507256030762,1.68151782772037,2.3780253173342927
AAPL,2022,1,252,0.29749512855253374,0.25092021205125437,-0.7911722603493104,23.223254924136597,26.372948601058695
AAPL,2022,2,252,0.27078988080178495,0.24725010325527524,-0.7474011358713365,14.579133902727712,17.66312920951411
AAPL,2022,3,252,0.2622100629141634,0.24287717050985527,-0.6620032763095571,7.505264862110683,9.447801224393801
AAPL,2022,4,252,0.3562964341235757,0.24194455419926322,-0.15126688327023943,11.542248927608199,13.737846054019641
AAPL,2022,5,252,0.1876005506313365,0.25360590985416703,-0.14283030256631135,12.00002449239243,13.945485783013051
AAPL,2022,6,252,0.18603199157236555,0.28160248286778705,-0.028336663248776154,10.090037111359003,11.800094358594944
AAPL,2022,7,252,0.003943210090443239,0.29908587343157944,0.19553638552631566,12.714420676162023,14.443828145092416
AAPL,2022,8,252,0.11529835270747837,0.3022052564008829,0.21515410550296932,7.359683964101103,8.65961198972147
AAPL,2022,9,252,0.04047279539244873,0.3071763536012663,0.420073729988547,3.4675670030564745,5.118475127454435
AAPL,2022,10,252,-0.01801014846153029,0.3199359288754204,-0.0194831748047503,4.129628590009407,5.4460769539185225
AAPL,2022,11,252,0.028944421350586017,0.3374496029222403,0.17256564925314077,4.216958375205335,6.145113749546183
AAPL,2022,12,252,-0.10456012330729951,0.3558665206526233,-0.0038476916596086536,9.963768250878761,11.894558019212175
AAPL,2023,1,252,-0.3101237402069006,0.3556446263208571,0.313177132194785,13.671114511086369,15.866390685302767
AAPL,2023,2,252,-0.16012571488973779,0.3522081689024721,0.5797257093947632,10.420947155409158,10.937915013295292
AAPL,2023,3,252,-0.10577900343714368,0.352252423990554,0.47697639996110536,12.442136436935003,14.031105580340835
AAPL,2023,4,252,-0.06911206284280064,0.3467551935934263,0.3530088745063647,3.8650234546557063,4.7375062644071875
AAPL,2023,5,252,0.08645040341641208,0.34182283101336663,0.32056218177971496,6.431497377967371,7.377554378234449
AAPL,2023,6,252,0.17528242187111132,0.3113017587917051,0.13938271624421403,4.39402146507539,5.634762276081919
AAPL,2023,7,252,0.33752976071278895,0.29450040016157836,0.11578667095016011,1.68114582347971,2.172512529315038
AAPL,2023,8,252,0.22788881377330125,0.28773212101059176,0.25530758697532113,12.007644189450959,13.18460923504302
AAPL,2023,9,252,0.17332694422517908,0.2865148678311904,0.29391403566497537,9.93922647282296,10.682850007607446
AAPL,2023,10,252,0.13923772273985405,0.2796190489316311,0.6755481537727953,7.989570565918266,8.75225030541874
AAPL,2023,11,252,0.09804433022539107,0.25056252468588786,0.670622285592407,20.326287962542512,22.42375588943062
AAPL,2023,12,252,0.3023703448300122,0.22206484799965773,0.6928023810679919,9.209927101889782,10.225673945102342
AAPL,2024,1,252,0.4292264633366508,0.2037140352227179,0.8681257546589392,11.111576070521032,13.475849351905595
AAPL,2024,2,252,0.25983653503689,0.20091842569869178,0.5449947125539047,3.2189597468298503,3.5477852725288597
AAPL,2024,3,252,0.20922075227134188,0.19138371036055518,0.9112055780284795,5.119952288189019,6.096379051170986
AAPL,2024,4,252,0.08941285444699501,0.1943793443344192,1.031137575393479,12.652926314606503,14.821363039726261
AAPL,2024,5,252,0.009147026408413944,0.19705823936014943,0.8495604080284567,26.963397323010632,29.088163456552273
AAPL,2024,6,252,0.08653215395304262,0.20251288700352096,0.6312163120461766,18.49906600352431,21.593198379859384
AAPL,2024,7,252,0.11228339432457488,0.21831385822534843,0.151871468668116,8.270383300674023,9.767272909043406
AAPL,2024,8,252,0.12792638141370327,0.22625571623239438,0.15346363346886233,7.591611399982071,8.595712580368494
AAPL,2024,9,252,0.20424750242846657,0.22274944919004722,-0.1162325619165532,3.0326377459390983,4.0191259149328005
AAPL,2024,10,252,0.31629322433096835,0.22168854411100267,-0.013172263679787497,2.3610242736947136,3.1522324848458076
AAPL,2024,11,252,0.284923143069189,0.22552980160188343,-0.35020945776763807,1.682929407120895,1.8996928865392064
AAPL,2024,12,252,0.23063597006171616,0.22463532955136037,0.2374698711066905,10.819739084028608,12.30606462311447
AAPL,2025,1,252,0.26777480789554275,0.22595270209210244,0.12847931080674949,9.984268924891063,12.390542176731907
AAPL,2025,2,252,0.23206412827326445,0.23252589584470293,-0.02699752543821779,8.54757029042633,10.062260856402883
AAPL,2025,3,252,0.285524595454408,0.23950419549337199,-0.41322859401914364,24.523087493013875,28.016214631598856
AAPL,2025,4,252,0.25289168769046727,0.24592017750201084,-0.9269708441319781,37.3361306394675,39.77630349136248
AAPL,2025,5,252,0.23198048368415639,0.3235269125170941,-1.1671071905052965,21.947173165140846,24.258910113763196
AAPL,2025,6,252,0.06025280075960207,0.32770227438643423,-0.8546315878281596,9.004120506658642,10.722241979642602
AAPL,2025,7,252,-0.05462679494309894,0.31951671140965826,-0.48416791038921964,3.407803685384336,4.411072983599714
AAPL,2025,8,252,-0.08713438476700072,0.3137385352024126,-0.28821260255928405,19.495881520869094,21.430127490367024
AAPL,2025,9,252,0.013393509967790186,0.31685330668697914,-0.13852954983382393,11.245627794198018,13.777184225641001
AAPL,2025,10,252,0.09549928921391182,0.32131294008621986,-0.04985103867603389,5.582854752599275,6.948257366293844
AAPL,2025,11,252,0.1253949529437109,0.32327750610039524,0.12831559905110507,3.6127098480036977,4.911669377102218
AAPL,2025,12,252,0.18995185621872504,0.3218044981525197,0.20436212712943236,1.7554160278320126,2.4825331541671387
AMZN,2022,1,252,0.023489717273759245,0.241562287884918,-1.5426256494253365,32.41795701019971,38.03782230808317
AMZN,2022,2,252,-0.11106777810078812,0.2502470581184449,-0.8438503765987515,7.541788894405676,9.306394679544582
AMZN,2022,3,252,-0.02408842415167675,0.2978698764021059,-0.5520732249932558,6.849059645382227,8.338961987594278
AMZN,2022,4,252,0.03082339031721042,0.3121394073574518,-0.15795317581192733,14.141293801911775,17.403837933318307
AMZN,2022,5,252,-0.3328846514510843,0.36150588705396985,-0.06930518978772848,11.042745613089147,12.520325697527298
AMZN,2022,6,252,-0.29174891175127393,0.39301429711410135,0.09849543480490984,7.8927214329191075,9.579013181721663
AMZN,2022,7,252,-0.4821227040978392,0.4171890141952815,0.09873115531492141,10.176178197616423,12.6575278251768
AMZN,2022,8,252,-0.2880303237783477,0.4410394608935264,-0.19388960768086663,4.790069496243102,5.43041255522381
AMZN,2022,9,252,-0.31403087355095183,0.4432160041199162,-0.3223486953835597,6.879904890432558,8.832461277516835
AMZN,2022,10,252,-0.3740140084496645,0.454902859572282,-0.36716257032239574,4.7770867586599834,6.436250960952856
AMZN,2022,11,252,-0.49837930705774675,0.4733046292909983,-0.009709248452766538,2.988259955388247,4.044991889776132
AMZN,2022,12,252,-0.5968464988394979,0.4951079033337647,-0.10706458005442913,5.870325893651177,6.529980577081626
AMZN,2023,1,252,-0.696976154557385,0.500371300587195,0.04686723206249439,11.163052941719986,13.102232941539217
AMZN,2023,2,252,-0.33367018638692314,0.5038492642986673,0.1406001489452297,5.059498690871888,5.647765399381068
AMZN,2023,3,252,-0.489839630506834,0.48937603416794495,-0.1604102211839294,5.520657512737574,6.823164262634906
AMZN,2023,4,252,-0.49432165850455206,0.48273211300617624,-0.04521901149195342,3.203619873795348,4.184424163640901
AMZN,2023,5,252,-0.2791474358966055,0.48207273647075854,0.12620530127597784,11.056918188734313,12.912697594594565
AMZN,2023,6,252,0.08198396422294113,0.4363703930833659,0.5027219972309368,6.496176915168062,7.536784959891236
AMZN,2023,7,252,0.19363832873422993,0.4145252803893691,0.5198784874134271,2.07784800870328,2.694807750106066
AMZN,2023,8,252,0.09980490480025911,0.40257016149655084,0.9836186476657964,9.162888856635584,9.854977006440118
AMZN,2023,9,252,0.06130706489134902,0.3913306207111372,1.280185351171264,4.136529360942776,5.478337444798822
AMZN,2023,10,252,0.10524169047820175,0.3871155786413557,1.1140805405826533,8.201825223952735,9.769545222029889
AMZN,2023,11,252,0.1817544621918455,0.38124568890506866,0.650176681214005,8.290926585047792,9.277169845747462
AMZN,2023,12,252,0.4413588180652741,0.34263005883310127,0.17401807580983877,2.676748539264037,3.292258737831927
AMZN,2024,1,252,0.6040619580656132,0.32930422808758203,-0.16015682049003893,2.015460374213024,2.6974491717317726
AMZN,2024,2,252,0.41729028471580565,0.31750660130230346,-0.12787607251500327,7.615241934222025,8.193182064120519
AMZN,2024,3,252,0.6339531669378713,0.30311451614480955,-0.2585761602029579,7.65768412111115,8.2884754024275
AMZN,2024,4,252,0.6178836363278669,0.2971786601772388,-0.2982966728995716,7.7556359726955755,10.563327862000373
AMZN,2024,5,252,0.5065490959390601,0.2869791608901869,-0.21352946836281436,4.966629688814254,5.798541461048069
AMZN,2024,6,252,0.3806674408271206,0.2794491221895423,-0.7379101005587658,2.9350490095675323,3.421990730443247
AMZN,2024,7,252,0.4038623056799287,0.27635143920150873,-0.5446689501317,13.769255293093398,17.38763983617485
AMZN,2024,8,252,0.33555280691539324,0.2761266210184927,-0.8375814904564131,23.415543449851146,24.397583804851724
AMZN,2024,9,252,0.2787953844216682,0.28545533557954333,-0.40456961776238,3.989597302799608,4.727109337933224
AMZN,2024,10,252,0.3913961142259251,0.2798961599688088,-0.3960416073372207,4.536350743552714,5.102420848947568
AMZN,2024,11,252,0.3368693059248807,0.2615018952484462,-0.42475648080295997,4.695363396690905,6.159285115651913
AMZN,2024,12,252,0.35121303658430936,0.2747599801870999,-0.32542128019675687,7.804331730422759,9.217241517086414
AMZN,2025,1,252,0.36736524302563,0.28099256598614464,-0.30686515351267807,4.489337645707994,5.181638417511305
AMZN,2025,2,252,0.4020209981186606,0.2819481481064532,-0.22223889391404403,16.912956112796337,20.842716072316524
AMZN,2025,3,252,0.20149807053163588,0.27505371556554403,0.005111532973778372,8.152399017405477,9.380727974847325
AMZN,2025,4,252,0.05637955854718393,0.2866996467078425,0.2802561129657942,9.83717230203533,12.253348643353027
AMZN,2025,5,252,0.026372274123598334,0.33594544385107433,0.11884897728207042,12.010904070750868,14.073522607229219
AMZN,2025,6,252,0.11822824169548107,0.345496291166935,0.16584124217576715,6.523894133426051,7.916828975078286
AMZN,2025,7,252,0.15304339116596122,0.3468031003372898,-0.008415212264842478,4.2464253278316955,5.294654412458546
AMZN,2025,8,252,0.21631914689493426,0.3406733562481975,0.5618337797568229,14.881912380652217,16.54722769274944
AMZN,2025,9,252,0.22863084725870442,0.3359743074307089,0.19770201940040327,5.656733895071959,6.442900241066161
AMZN,2025,10,252,0.12473784668827925,0.33375053861861603,0.48235533400775826,6.241574276798585,9.381481757688418
AMZN,2025,11,252,0.2677590219060728,0.35032848834293284,0.30466638869869883,18.474134951657692,21.63870144465933
AMZN,2025,12,252,0.11935311060704826,0.3481897498380186,-0.050231979867805504,0.1369549391686462,0.19368353240628167
NFLX,2022,1,252,0.10806795382387396,0.315258617554643,0.0709096132622933,11.15170132912023,13.698794640779028
NFLX,2022,2,252,-0.23267792242652377,0.3868356887393168,0.35599873552058175,4.614024808175484,4.838405574888009
NFLX,2022,3,252,-0.333411395549278,0.4103148090350897,0.5727860747042101,1.7407014477965375,2.1291583194783397
NFLX,2022,4,252,-0.36466242841036783,0.4153893057359878,0.5913167392883045,7.235119694220456,10.008403896220726
NFLX,2022,5,252,-0.9922746280687977,0.6083621756782575,-0.20894630833982417,0.909715836396474,1.1934315584018143
NFLX,2022,6,252,-0.9273317080578529,0.635126355317195,-0.2527162490115472,0.8324926376038511,0.9815249037492675
NFLX,2022,7,252,-1.1054511029262928,0.6568977310583907,-0.1374673288263215,2.5583447738766916,3.401636737044062
NFLX,2022,8,252,-0.8270536649088812,0.6758894836213387,-0.27106195779770775,1.3520772236048295,1.6118635139944744
NFLX,2022,9,252,-0.9345344003543573,0.6843406880062972,-0.7591147287161772,0.663080833821346,0.7772055855941814
NFLX,2022,10,252,-0.9525600549425866,0.7003713855288136,-1.3231444772537655,2.2593801960771684,2.675324763025688
NFLX,2022,11,252,-0.8607979969312797,0.725465145362187,-1.355435438482784,1.5371017641426645,1.875981530130887
NFLX,2022,12,252,-0.7423846093696164,0.739399136535702,-1.4329183102686895,2.544434128141211,2.9663392307542593
NFLX,2023,1,252,-0.7303108011242129,0.7482899555081118,-1.7240815722301894,3.1847047019975347,3.561401750342702
NFLX,2023,2,252,-0.08267823531596896,0.7082095134206113,-1.5139517769275939,2.4652973766042257,3.450303407518374
NFLX,2023,3,252,-0.19324073740374847,0.6895980922408175,-1.7559212936364743,2.9002832040030255,3.3210627012719605
NFLX,2023,4,252,-0.21210475241905163,0.68406324549958,-1.6012420165809533,2.502352825478384,2.9117717673579904
NFLX,2023,5,252,0.42235832299227194,0.5208106273156422,-0.07276624827204027,1.9145322231218875,2.593841219467528
NFLX,2023,6,252,0.638865410541472,0.4928789375038035,0.2681602320070348,1.4917120268552246,1.853252707712264
NFLX,2023,7,252,0.810918647762576,0.46465048911834683,-0.2308548194978024,2.0477418694232505,2.6740514963152417
NFLX,2023,8,252,0.574346017523814,0.453817278881708,-0.5983758671887874,3.4997581634315384,3.944600996075613
NFLX,2023,9,252,0.5718824543123858,0.4467202017606989,-0.6361696318837924,5.010543296900192,6.270860746623747
NFLX,2023,10,252,0.43434646231620677,0.43273951478434014,-0.4539020387986541,1.5440984331323193,2.22327132065914
NFLX,2023,11,252,0.24050351526381605,0.4063171421288087,-0.7799479090824014,1.6572123282201991,1.9512236138374892
NFLX,2023,12,252,0.43594753965866595,0.3845038945143841,-1.286906106005,1.4113549920486794,1.636151335286294
NFLX,2024,1,252,0.45220805018642496,0.3615722685807714,-0.9345094084091653,1.63861895873547,2.1678283107435883
NFLX,2024,2,252,0.3607716424931374,0.35896872575967126,-1.4074694696067862,2.737499194112134,2.9810795008282933
NFLX,2024,3,252,0.5378022871426874,0.35323767890649377,-1.1885111658126708,3.4927451728274477,3.7920620915042536
NFLX,2024,4,252,0.6298113561811036,0.3469970987226177,-1.2647759529039295,6.593483291442692,8.854811097906106
NFLX,2024,5,252,0.5122007114536756,0.36173216101000666,-0.9572581774397215,3.168131034902196,3.3787332551361073
NFLX,2024,6,252,0.48452842427942816,0.34518118755923527,-1.3249488799116482,2.0081327382939484,2.4853705576282414
NFLX,2024,7,252,0.4511218085162325,0.3418320441694398,-1.3149288365603815,4.17265765998961,5.066621229629277
NFLX,2024,8,252,0.3586662624799541,0.3234850100496618,-1.297326297378485,2.1813261165626296,2.439356098180167
NFLX,2024,9,252,0.47841997888844673,0.31724416963075075,-0.9247623548884153,3.7498625758275153,4.272215202538193
NFLX,2024,10,252,0.6336901253266944,0.3138709632890191,-0.6468124114826095,2.313976688991588,2.960610862990582
NFLX,2024,11,252,0.6078104081356239,0.2917909453473986,-0.6487826073322304,3.34434294436788,4.064483411838617
NFLX,2024,12,252,0.6197159799027727,0.2957222713778864,-0.6437715277903032,1.9916988368713031,2.7289903058985763
NFLX,2025,1,252,0.6046858719672001,0.2946395140385404,-0.8448562531442667,4.033670057325952,4.557632760980938
NFLX,2025,2,252,0.5512278374470619,0.2900713807481481,-0.5413851098329134,3.1648951497282884,3.7115140741772397
NFLX,2025,3,252,0.4884147153366601,0.29071248370422675,-0.5535099501534928,6.864415503511688,7.698103279577227
NFLX,2025,4,252,0.4186721317539202,0.316940472939753,-0.5021445213511742,5.03906151706389,6.043064850239584
NFLX,2025,5,252,0.7013630292036568,0.3216875976444705,-0.8038458939408551,1.4258861519632404,2.060978035566715
NFLX,2025,6,252,0.6206510142851116,0.3218323443813972,-0.666484693783609,2.460784862028122,2.9559605211122673
NFLX,2025,7,252,0.6726052562773308,0.32200242133362306,-0.5454380549115644,9.643896284191632,11.949107871926214
NFLX,2025,8,252,0.6106253870920892,0.3270546485261704,-0.6260096758753219,2.1320419992264203,2.6491327560881395
NFLX,2025,9,252,0.5760221468426403,0.32648852859285876,-0.6435738330648042,5.581261739559377,6.67835497073113
NFLX,2025,10,252,0.5600298799086928,0.3255009725084202,-0.7670717605600458,10.185827134521968,13.900176627992499
NFLX,2025,11,252,0.40926993058245603,0.32808743035040266,-0.7135512707137213,4.395678487637507,5.9606216665421154
NFLX,2025,12,252,0.2671463711583958,0.33633156654754925,-0.804472643257795,0.0037754682207165047,0.0053393183620458985
